filepath,class,split,background,source_label,reason
E:/GitHub/Personal/krishidoc_ml/datasets/Dhan-Shomadhan/Field Background/Leaf Scaled/lsf_0.jpg,leaf_scald,excluded,field_background,Leaf Scaled,class_not_in_locked_kaggle_taxonomy
E:/GitHub/Personal/krishidoc_ml/datasets/Dhan-Shomadhan/Field Background/Leaf Scaled/lsf_1.jpg,leaf_scald,excluded,field_background,Leaf Scaled,class_not_in_locked_kaggle_taxonomy
E:/GitHub/Personal/krishidoc_ml/datasets/Dhan-Shomadhan/Field Background/Leaf Scaled/lsf_10.jpg,leaf_scald,excluded,field_background,Leaf Scaled,class_not_in_locked_kaggle_taxonomy
E:/GitHub/Personal/krishidoc_ml/datasets/Dhan-Shomadhan/Field Background/Leaf Scaled/lsf_11.jpg,leaf_scald,excluded,field_background,Leaf Scaled,class_not_in_locked_kaggle_taxonomy
E:/GitHub/Personal/krishidoc_ml/datasets/Dhan-Shomadhan/Field Background/Leaf Scaled/lsf_12.jpg,leaf_scald,excluded,field_background,Leaf Scaled,class_not_in_locked_kaggle_taxonomy
E:/GitHub/Personal/krishidoc_ml/datasets/Dhan-Shomadhan/Field Background/Leaf Scaled/lsf_13.jpg,leaf_scald,excluded,field_background,Leaf Scaled,class_not_in_locked_kaggle_taxonomy
E:/GitHub/Personal/krishidoc_ml/datasets/Dhan-Shomadhan/Field Background/Leaf Scaled/lsf_14.jpg,leaf_scald,excluded,field_background,Leaf Scaled,class_not_in_locked_kaggle_taxonomy
E:/GitHub/Personal/krishidoc_ml/datasets/Dhan-Shomadhan/Field Background/Leaf Scaled/lsf_15.jpg,leaf_scald,excluded,field_background,Leaf Scaled,class_not_in_locked_kaggle_taxonomy
E:/GitHub/Personal/krishidoc_ml/datasets/Dhan-Shomadhan/Field Background/Leaf Scaled/lsf_16.jpg,leaf_scald,excluded,field_background,Leaf Scaled,class_not_in_locked_kaggle_taxonomy
E:/GitHub/Personal/krishidoc_ml/datasets/Dhan-Shomadhan/Field Background/Leaf Scaled/lsf_17.jpg,leaf_scald,excluded,field_background,Leaf Scaled,class_not_in_locked_kaggle_taxonomy
E:/GitHub/Personal/krishidoc_ml/datasets/Dhan-Shomadhan/Field Background/Leaf Scaled/lsf_18.jpg,leaf_scald,excluded,field_background,Leaf Scaled,class_not_in_locked_kaggle_taxonomy
E:/GitHub/Personal/krishidoc_ml/datasets/Dhan-Shomadhan/Field Background/Leaf Scaled/lsf_19.jpg,leaf_scald,excluded,field_background,Leaf Scaled,class_not_in_locked_kaggle_taxonomy
E:/GitHub/Personal/krishidoc_ml/datasets/Dhan-Shomadhan/Field Background/Leaf Scaled/lsf_2.jpg,leaf_scald,excluded,field_background,Leaf Scaled,class_not_in_locked_kaggle_taxonomy
E:/GitHub/Personal/krishidoc_ml/datasets/Dhan-Shomadhan/Field Background/Leaf Scaled/lsf_20.jpg,leaf_scald,excluded,field_background,Leaf Scaled,class_not_in_locked_kaggle_taxonomy
E:/GitHub/Personal/krishidoc_ml/datasets/Dhan-Shomadhan/Field Background/Leaf Scaled/lsf_21.jpg,leaf_scald,excluded,field_background,Leaf Scaled,class_not_in_locked_kaggle_taxonomy
E:/GitHub/Personal/krishidoc_ml/datasets/Dhan-Shomadhan/Field Background/Leaf Scaled/lsf_22.jpg,leaf_scald,excluded,field_background,Leaf Scaled,class_not_in_locked_kaggle_taxonomy
E:/GitHub/Personal/krishidoc_ml/datasets/Dhan-Shomadhan/Field Background/Leaf Scaled/lsf_23.jpg,leaf_scald,excluded,field_background,Leaf Scaled,class_not_in_locked_kaggle_taxonomy
E:/GitHub/Personal/krishidoc_ml/datasets/Dhan-Shomadhan/Field Background/Leaf Scaled/lsf_24.jpg,leaf_scald,excluded,field_background,Leaf Scaled,class_not_in_locked_kaggle_taxonomy
E:/GitHub/Personal/krishidoc_ml/datasets/Dhan-Shomadhan/Field Background/Leaf Scaled/lsf_25.jpg,leaf_scald,excluded,field_background,Leaf Scaled,class_not_in_locked_kaggle_taxonomy
E:/GitHub/Personal/krishidoc_ml/datasets/Dhan-Shomadhan/Field Background/Leaf Scaled/lsf_26.jpg,leaf_scald,excluded,field_background,Leaf Scaled,class_not_in_locked_kaggle_taxonomy
E:/GitHub/Personal/krishidoc_ml/datasets/Dhan-Shomadhan/Field Background/Leaf Scaled/lsf_27.jpg,leaf_scald,excluded,field_background,Leaf Scaled,class_not_in_locked_kaggle_taxonomy
E:/GitHub/Personal/krishidoc_ml/datasets/Dhan-Shomadhan/Field Background/Leaf Scaled/lsf_28.jpg,leaf_scald,excluded,field_background,Leaf Scaled,class_not_in_locked_kaggle_taxonomy
E:/GitHub/Personal/krishidoc_ml/datasets/Dhan-Shomadhan/Field Background/Leaf Scaled/lsf_29.jpg,leaf_scald,excluded,field_background,Leaf Scaled,class_not_in_locked_kaggle_taxonomy
E:/GitHub/Personal/krishidoc_ml/datasets/Dhan-Shomadhan/Field Background/Leaf Scaled/lsf_3.jpg,leaf_scald,excluded,field_background,Leaf Scaled,class_not_in_locked_kaggle_taxonomy
E:/GitHub/Personal/krishidoc_ml/datasets/Dhan-Shomadhan/Field Background/Leaf Scaled/lsf_30.jpg,leaf_scald,excluded,field_background,Leaf Scaled,class_not_in_locked_kaggle_taxonomy
E:/GitHub/Personal/krishidoc_ml/datasets/Dhan-Shomadhan/Field Background/Leaf Scaled/lsf_31.jpg,leaf_scald,excluded,field_background,Leaf Scaled,class_not_in_locked_kaggle_taxonomy
E:/GitHub/Personal/krishidoc_ml/datasets/Dhan-Shomadhan/Field Background/Leaf Scaled/lsf_32.jpg,leaf_scald,excluded,field_background,Leaf Scaled,class_not_in_locked_kaggle_taxonomy
E:/GitHub/Personal/krishidoc_ml/datasets/Dhan-Shomadhan/Field Background/Leaf Scaled/lsf_33.jpg,leaf_scald,excluded,field_background,Leaf Scaled,class_not_in_locked_kaggle_taxonomy
E:/GitHub/Personal/krishidoc_ml/datasets/Dhan-Shomadhan/Field Background/Leaf Scaled/lsf_34.jpg,leaf_scald,excluded,field_background,Leaf Scaled,class_not_in_locked_kaggle_taxonomy
E:/GitHub/Personal/krishidoc_ml/datasets/Dhan-Shomadhan/Field Background/Leaf Scaled/lsf_35.jpg,leaf_scald,excluded,field_background,Leaf Scaled,class_not_in_locked_kaggle_taxonomy
E:/GitHub/Personal/krishidoc_ml/datasets/Dhan-Shomadhan/Field Background/Leaf Scaled/lsf_36.jpg,leaf_scald,excluded,field_background,Leaf Scaled,class_not_in_locked_kaggle_taxonomy
E:/GitHub/Personal/krishidoc_ml/datasets/Dhan-Shomadhan/Field Background/Leaf Scaled/lsf_37.jpg,leaf_scald,excluded,field_background,Leaf Scaled,class_not_in_locked_kaggle_taxonomy
E:/GitHub/Personal/krishidoc_ml/datasets/Dhan-Shomadhan/Field Background/Leaf Scaled/lsf_38.jpg,leaf_scald,excluded,field_background,Leaf Scaled,class_not_in_locked_kaggle_taxonomy
E:/GitHub/Personal/krishidoc_ml/datasets/Dhan-Shomadhan/Field Background/Leaf Scaled/lsf_39.jpg,leaf_scald,excluded,field_background,Leaf Scaled,class_not_in_locked_kaggle_taxonomy
E:/GitHub/Personal/krishidoc_ml/datasets/Dhan-Shomadhan/Field Background/Leaf Scaled/lsf_4.jpg,leaf_scald,excluded,field_background,Leaf Scaled,class_not_in_locked_kaggle_taxonomy
E:/GitHub/Personal/krishidoc_ml/datasets/Dhan-Shomadhan/Field Background/Leaf Scaled/lsf_40.jpg,leaf_scald,excluded,field_background,Leaf Scaled,class_not_in_locked_kaggle_taxonomy
E:/GitHub/Personal/krishidoc_ml/datasets/Dhan-Shomadhan/Field Background/Leaf Scaled/lsf_41.jpg,leaf_scald,excluded,field_background,Leaf Scaled,class_not_in_locked_kaggle_taxonomy
E:/GitHub/Personal/krishidoc_ml/datasets/Dhan-Shomadhan/Field Background/Leaf Scaled/lsf_42.jpg,leaf_scald,excluded,field_background,Leaf Scaled,class_not_in_locked_kaggle_taxonomy
E:/GitHub/Personal/krishidoc_ml/datasets/Dhan-Shomadhan/Field Background/Leaf Scaled/lsf_43.jpg,leaf_scald,excluded,field_background,Leaf Scaled,class_not_in_locked_kaggle_taxonomy
E:/GitHub/Personal/krishidoc_ml/datasets/Dhan-Shomadhan/Field Background/Leaf Scaled/lsf_44.jpg,leaf_scald,excluded,field_background,Leaf Scaled,class_not_in_locked_kaggle_taxonomy
E:/GitHub/Personal/krishidoc_ml/datasets/Dhan-Shomadhan/Field Background/Leaf Scaled/lsf_45.jpg,leaf_scald,excluded,field_background,Leaf Scaled,class_not_in_locked_kaggle_taxonomy
E:/GitHub/Personal/krishidoc_ml/datasets/Dhan-Shomadhan/Field Background/Leaf Scaled/lsf_46.jpg,leaf_scald,excluded,field_background,Leaf Scaled,class_not_in_locked_kaggle_taxonomy
E:/GitHub/Personal/krishidoc_ml/datasets/Dhan-Shomadhan/Field Background/Leaf Scaled/lsf_47.jpg,leaf_scald,excluded,field_background,Leaf Scaled,class_not_in_locked_kaggle_taxonomy
E:/GitHub/Personal/krishidoc_ml/datasets/Dhan-Shomadhan/Field Background/Leaf Scaled/lsf_48.jpg,leaf_scald,excluded,field_background,Leaf Scaled,class_not_in_locked_kaggle_taxonomy
E:/GitHub/Personal/krishidoc_ml/datasets/Dhan-Shomadhan/Field Background/Leaf Scaled/lsf_49.jpg,leaf_scald,excluded,field_background,Leaf Scaled,class_not_in_locked_kaggle_taxonomy
E:/GitHub/Personal/krishidoc_ml/datasets/Dhan-Shomadhan/Field Background/Leaf Scaled/lsf_5.jpg,leaf_scald,excluded,field_background,Leaf Scaled,class_not_in_locked_kaggle_taxonomy
E:/GitHub/Personal/krishidoc_ml/datasets/Dhan-Shomadhan/Field Background/Leaf Scaled/lsf_50.jpg,leaf_scald,excluded,field_background,Leaf Scaled,class_not_in_locked_kaggle_taxonomy
E:/GitHub/Personal/krishidoc_ml/datasets/Dhan-Shomadhan/Field Background/Leaf Scaled/lsf_51.jpg,leaf_scald,excluded,field_background,Leaf Scaled,class_not_in_locked_kaggle_taxonomy
E:/GitHub/Personal/krishidoc_ml/datasets/Dhan-Shomadhan/Field Background/Leaf Scaled/lsf_52.jpg,leaf_scald,excluded,field_background,Leaf Scaled,class_not_in_locked_kaggle_taxonomy
E:/GitHub/Personal/krishidoc_ml/datasets/Dhan-Shomadhan/Field Background/Leaf Scaled/lsf_53.jpg,leaf_scald,excluded,field_background,Leaf Scaled,class_not_in_locked_kaggle_taxonomy
E:/GitHub/Personal/krishidoc_ml/datasets/Dhan-Shomadhan/Field Background/Leaf Scaled/lsf_54.jpg,leaf_scald,excluded,field_background,Leaf Scaled,class_not_in_locked_kaggle_taxonomy
E:/GitHub/Personal/krishidoc_ml/datasets/Dhan-Shomadhan/Field Background/Leaf Scaled/lsf_55.jpg,leaf_scald,excluded,field_background,Leaf Scaled,class_not_in_locked_kaggle_taxonomy
E:/GitHub/Personal/krishidoc_ml/datasets/Dhan-Shomadhan/Field Background/Leaf Scaled/lsf_56.jpg,leaf_scald,excluded,field_background,Leaf Scaled,class_not_in_locked_kaggle_taxonomy
E:/GitHub/Personal/krishidoc_ml/datasets/Dhan-Shomadhan/Field Background/Leaf Scaled/lsf_57.jpg,leaf_scald,excluded,field_background,Leaf Scaled,class_not_in_locked_kaggle_taxonomy
E:/GitHub/Personal/krishidoc_ml/datasets/Dhan-Shomadhan/Field Background/Leaf Scaled/lsf_58.jpg,leaf_scald,excluded,field_background,Leaf Scaled,class_not_in_locked_kaggle_taxonomy
E:/GitHub/Personal/krishidoc_ml/datasets/Dhan-Shomadhan/Field Background/Leaf Scaled/lsf_59.jpg,leaf_scald,excluded,field_background,Leaf Scaled,class_not_in_locked_kaggle_taxonomy
E:/GitHub/Personal/krishidoc_ml/datasets/Dhan-Shomadhan/Field Background/Leaf Scaled/lsf_6.jpg,leaf_scald,excluded,field_background,Leaf Scaled,class_not_in_locked_kaggle_taxonomy
E:/GitHub/Personal/krishidoc_ml/datasets/Dhan-Shomadhan/Field Background/Leaf Scaled/lsf_60.jpg,leaf_scald,excluded,field_background,Leaf Scaled,class_not_in_locked_kaggle_taxonomy
E:/GitHub/Personal/krishidoc_ml/datasets/Dhan-Shomadhan/Field Background/Leaf Scaled/lsf_61.jpg,leaf_scald,excluded,field_background,Leaf Scaled,class_not_in_locked_kaggle_taxonomy
E:/GitHub/Personal/krishidoc_ml/datasets/Dhan-Shomadhan/Field Background/Leaf Scaled/lsf_62.jpg,leaf_scald,excluded,field_background,Leaf Scaled,class_not_in_locked_kaggle_taxonomy
E:/GitHub/Personal/krishidoc_ml/datasets/Dhan-Shomadhan/Field Background/Leaf Scaled/lsf_63.jpg,leaf_scald,excluded,field_background,Leaf Scaled,class_not_in_locked_kaggle_taxonomy
E:/GitHub/Personal/krishidoc_ml/datasets/Dhan-Shomadhan/Field Background/Leaf Scaled/lsf_64.jpg,leaf_scald,excluded,field_background,Leaf Scaled,class_not_in_locked_kaggle_taxonomy
E:/GitHub/Personal/krishidoc_ml/datasets/Dhan-Shomadhan/Field Background/Leaf Scaled/lsf_65.jpg,leaf_scald,excluded,field_background,Leaf Scaled,class_not_in_locked_kaggle_taxonomy
E:/GitHub/Personal/krishidoc_ml/datasets/Dhan-Shomadhan/Field Background/Leaf Scaled/lsf_66.jpg,leaf_scald,excluded,field_background,Leaf Scaled,class_not_in_locked_kaggle_taxonomy
E:/GitHub/Personal/krishidoc_ml/datasets/Dhan-Shomadhan/Field Background/Leaf Scaled/lsf_67.jpg,leaf_scald,excluded,field_background,Leaf Scaled,class_not_in_locked_kaggle_taxonomy
E:/GitHub/Personal/krishidoc_ml/datasets/Dhan-Shomadhan/Field Background/Leaf Scaled/lsf_68.jpg,leaf_scald,excluded,field_background,Leaf Scaled,class_not_in_locked_kaggle_taxonomy
E:/GitHub/Personal/krishidoc_ml/datasets/Dhan-Shomadhan/Field Background/Leaf Scaled/lsf_69.jpg,leaf_scald,excluded,field_background,Leaf Scaled,class_not_in_locked_kaggle_taxonomy
E:/GitHub/Personal/krishidoc_ml/datasets/Dhan-Shomadhan/Field Background/Leaf Scaled/lsf_7.jpg,leaf_scald,excluded,field_background,Leaf Scaled,class_not_in_locked_kaggle_taxonomy
E:/GitHub/Personal/krishidoc_ml/datasets/Dhan-Shomadhan/Field Background/Leaf Scaled/lsf_70.jpg,leaf_scald,excluded,field_background,Leaf Scaled,class_not_in_locked_kaggle_taxonomy
E:/GitHub/Personal/krishidoc_ml/datasets/Dhan-Shomadhan/Field Background/Leaf Scaled/lsf_71.jpg,leaf_scald,excluded,field_background,Leaf Scaled,class_not_in_locked_kaggle_taxonomy
E:/GitHub/Personal/krishidoc_ml/datasets/Dhan-Shomadhan/Field Background/Leaf Scaled/lsf_72.jpg,leaf_scald,excluded,field_background,Leaf Scaled,class_not_in_locked_kaggle_taxonomy
E:/GitHub/Personal/krishidoc_ml/datasets/Dhan-Shomadhan/Field Background/Leaf Scaled/lsf_73.jpg,leaf_scald,excluded,field_background,Leaf Scaled,class_not_in_locked_kaggle_taxonomy
E:/GitHub/Personal/krishidoc_ml/datasets/Dhan-Shomadhan/Field Background/Leaf Scaled/lsf_8.jpg,leaf_scald,excluded,field_background,Leaf Scaled,class_not_in_locked_kaggle_taxonomy
E:/GitHub/Personal/krishidoc_ml/datasets/Dhan-Shomadhan/Field Background/Leaf Scaled/lsf_9.jpg,leaf_scald,excluded,field_background,Leaf Scaled,class_not_in_locked_kaggle_taxonomy
E:/GitHub/Personal/krishidoc_ml/datasets/Dhan-Shomadhan/Field Background/Sheath Blight/sbf_0.jpg,sheath_blight,excluded,field_background,Sheath Blight,class_not_in_locked_kaggle_taxonomy
E:/GitHub/Personal/krishidoc_ml/datasets/Dhan-Shomadhan/Field Background/Sheath Blight/sbf_1.jpg,sheath_blight,excluded,field_background,Sheath Blight,class_not_in_locked_kaggle_taxonomy
E:/GitHub/Personal/krishidoc_ml/datasets/Dhan-Shomadhan/Field Background/Sheath Blight/sbf_10.jpg,sheath_blight,excluded,field_background,Sheath Blight,class_not_in_locked_kaggle_taxonomy
E:/GitHub/Personal/krishidoc_ml/datasets/Dhan-Shomadhan/Field Background/Sheath Blight/sbf_11.jpg,sheath_blight,excluded,field_background,Sheath Blight,class_not_in_locked_kaggle_taxonomy
E:/GitHub/Personal/krishidoc_ml/datasets/Dhan-Shomadhan/Field Background/Sheath Blight/sbf_12.jpg,sheath_blight,excluded,field_background,Sheath Blight,class_not_in_locked_kaggle_taxonomy
E:/GitHub/Personal/krishidoc_ml/datasets/Dhan-Shomadhan/Field Background/Sheath Blight/sbf_13.jpg,sheath_blight,excluded,field_background,Sheath Blight,class_not_in_locked_kaggle_taxonomy
E:/GitHub/Personal/krishidoc_ml/datasets/Dhan-Shomadhan/Field Background/Sheath Blight/sbf_14.jpg,sheath_blight,excluded,field_background,Sheath Blight,class_not_in_locked_kaggle_taxonomy
E:/GitHub/Personal/krishidoc_ml/datasets/Dhan-Shomadhan/Field Background/Sheath Blight/sbf_15.jpg,sheath_blight,excluded,field_background,Sheath Blight,class_not_in_locked_kaggle_taxonomy
E:/GitHub/Personal/krishidoc_ml/datasets/Dhan-Shomadhan/Field Background/Sheath Blight/sbf_16.jpg,sheath_blight,excluded,field_background,Sheath Blight,class_not_in_locked_kaggle_taxonomy
E:/GitHub/Personal/krishidoc_ml/datasets/Dhan-Shomadhan/Field Background/Sheath Blight/sbf_17.jpg,sheath_blight,excluded,field_background,Sheath Blight,class_not_in_locked_kaggle_taxonomy
E:/GitHub/Personal/krishidoc_ml/datasets/Dhan-Shomadhan/Field Background/Sheath Blight/sbf_18.jpg,sheath_blight,excluded,field_background,Sheath Blight,class_not_in_locked_kaggle_taxonomy
E:/GitHub/Personal/krishidoc_ml/datasets/Dhan-Shomadhan/Field Background/Sheath Blight/sbf_19.jpg,sheath_blight,excluded,field_background,Sheath Blight,class_not_in_locked_kaggle_taxonomy
E:/GitHub/Personal/krishidoc_ml/datasets/Dhan-Shomadhan/Field Background/Sheath Blight/sbf_2.jpg,sheath_blight,excluded,field_background,Sheath Blight,class_not_in_locked_kaggle_taxonomy
E:/GitHub/Personal/krishidoc_ml/datasets/Dhan-Shomadhan/Field Background/Sheath Blight/sbf_20.jpg,sheath_blight,excluded,field_background,Sheath Blight,class_not_in_locked_kaggle_taxonomy
E:/GitHub/Personal/krishidoc_ml/datasets/Dhan-Shomadhan/Field Background/Sheath Blight/sbf_21.jpg,sheath_blight,excluded,field_background,Sheath Blight,class_not_in_locked_kaggle_taxonomy
E:/GitHub/Personal/krishidoc_ml/datasets/Dhan-Shomadhan/Field Background/Sheath Blight/sbf_22.jpg,sheath_blight,excluded,field_background,Sheath Blight,class_not_in_locked_kaggle_taxonomy
E:/GitHub/Personal/krishidoc_ml/datasets/Dhan-Shomadhan/Field Background/Sheath Blight/sbf_23.jpg,sheath_blight,excluded,field_background,Sheath Blight,class_not_in_locked_kaggle_taxonomy
E:/GitHub/Personal/krishidoc_ml/datasets/Dhan-Shomadhan/Field Background/Sheath Blight/sbf_24.jpg,sheath_blight,excluded,field_background,Sheath Blight,class_not_in_locked_kaggle_taxonomy
E:/GitHub/Personal/krishidoc_ml/datasets/Dhan-Shomadhan/Field Background/Sheath Blight/sbf_25.jpg,sheath_blight,excluded,field_background,Sheath Blight,class_not_in_locked_kaggle_taxonomy
E:/GitHub/Personal/krishidoc_ml/datasets/Dhan-Shomadhan/Field Background/Sheath Blight/sbf_26.jpg,sheath_blight,excluded,field_background,Sheath Blight,class_not_in_locked_kaggle_taxonomy
E:/GitHub/Personal/krishidoc_ml/datasets/Dhan-Shomadhan/Field Background/Sheath Blight/sbf_27.jpg,sheath_blight,excluded,field_background,Sheath Blight,class_not_in_locked_kaggle_taxonomy
E:/GitHub/Personal/krishidoc_ml/datasets/Dhan-Shomadhan/Field Background/Sheath Blight/sbf_28.jpg,sheath_blight,excluded,field_background,Sheath Blight,class_not_in_locked_kaggle_taxonomy
E:/GitHub/Personal/krishidoc_ml/datasets/Dhan-Shomadhan/Field Background/Sheath Blight/sbf_29.jpg,sheath_blight,excluded,field_background,Sheath Blight,class_not_in_locked_kaggle_taxonomy
E:/GitHub/Personal/krishidoc_ml/datasets/Dhan-Shomadhan/Field Background/Sheath Blight/sbf_3.jpg,sheath_blight,excluded,field_background,Sheath Blight,class_not_in_locked_kaggle_taxonomy
E:/GitHub/Personal/krishidoc_ml/datasets/Dhan-Shomadhan/Field Background/Sheath Blight/sbf_30.jpg,sheath_blight,excluded,field_background,Sheath Blight,class_not_in_locked_kaggle_taxonomy
E:/GitHub/Personal/krishidoc_ml/datasets/Dhan-Shomadhan/Field Background/Sheath Blight/sbf_31.jpg,sheath_blight,excluded,field_background,Sheath Blight,class_not_in_locked_kaggle_taxonomy
E:/GitHub/Personal/krishidoc_ml/datasets/Dhan-Shomadhan/Field Background/Sheath Blight/sbf_32.jpg,sheath_blight,excluded,field_background,Sheath Blight,class_not_in_locked_kaggle_taxonomy
E:/GitHub/Personal/krishidoc_ml/datasets/Dhan-Shomadhan/Field Background/Sheath Blight/sbf_33.jpg,sheath_blight,excluded,field_background,Sheath Blight,class_not_in_locked_kaggle_taxonomy
E:/GitHub/Personal/krishidoc_ml/datasets/Dhan-Shomadhan/Field Background/Sheath Blight/sbf_34.jpg,sheath_blight,excluded,field_background,Sheath Blight,class_not_in_locked_kaggle_taxonomy
E:/GitHub/Personal/krishidoc_ml/datasets/Dhan-Shomadhan/Field Background/Sheath Blight/sbf_35.jpg,sheath_blight,excluded,field_background,Sheath Blight,class_not_in_locked_kaggle_taxonomy
E:/GitHub/Personal/krishidoc_ml/datasets/Dhan-Shomadhan/Field Background/Sheath Blight/sbf_36.jpg,sheath_blight,excluded,field_background,Sheath Blight,class_not_in_locked_kaggle_taxonomy
E:/GitHub/Personal/krishidoc_ml/datasets/Dhan-Shomadhan/Field Background/Sheath Blight/sbf_37.jpg,sheath_blight,excluded,field_background,Sheath Blight,class_not_in_locked_kaggle_taxonomy
E:/GitHub/Personal/krishidoc_ml/datasets/Dhan-Shomadhan/Field Background/Sheath Blight/sbf_38.jpg,sheath_blight,excluded,field_background,Sheath Blight,class_not_in_locked_kaggle_taxonomy
E:/GitHub/Personal/krishidoc_ml/datasets/Dhan-Shomadhan/Field Background/Sheath Blight/sbf_39.jpg,sheath_blight,excluded,field_background,Sheath Blight,class_not_in_locked_kaggle_taxonomy
E:/GitHub/Personal/krishidoc_ml/datasets/Dhan-Shomadhan/Field Background/Sheath Blight/sbf_4.jpg,sheath_blight,excluded,field_background,Sheath Blight,class_not_in_locked_kaggle_taxonomy
E:/GitHub/Personal/krishidoc_ml/datasets/Dhan-Shomadhan/Field Background/Sheath Blight/sbf_40.jpg,sheath_blight,excluded,field_background,Sheath Blight,class_not_in_locked_kaggle_taxonomy
E:/GitHub/Personal/krishidoc_ml/datasets/Dhan-Shomadhan/Field Background/Sheath Blight/sbf_41.jpg,sheath_blight,excluded,field_background,Sheath Blight,class_not_in_locked_kaggle_taxonomy
E:/GitHub/Personal/krishidoc_ml/datasets/Dhan-Shomadhan/Field Background/Sheath Blight/sbf_42.jpg,sheath_blight,excluded,field_background,Sheath Blight,class_not_in_locked_kaggle_taxonomy
E:/GitHub/Personal/krishidoc_ml/datasets/Dhan-Shomadhan/Field Background/Sheath Blight/sbf_43.jpg,sheath_blight,excluded,field_background,Sheath Blight,class_not_in_locked_kaggle_taxonomy
E:/GitHub/Personal/krishidoc_ml/datasets/Dhan-Shomadhan/Field Background/Sheath Blight/sbf_44.jpg,sheath_blight,excluded,field_background,Sheath Blight,class_not_in_locked_kaggle_taxonomy
E:/GitHub/Personal/krishidoc_ml/datasets/Dhan-Shomadhan/Field Background/Sheath Blight/sbf_45.jpg,sheath_blight,excluded,field_background,Sheath Blight,class_not_in_locked_kaggle_taxonomy
E:/GitHub/Personal/krishidoc_ml/datasets/Dhan-Shomadhan/Field Background/Sheath Blight/sbf_46.jpg,sheath_blight,excluded,field_background,Sheath Blight,class_not_in_locked_kaggle_taxonomy
E:/GitHub/Personal/krishidoc_ml/datasets/Dhan-Shomadhan/Field Background/Sheath Blight/sbf_47.jpg,sheath_blight,excluded,field_background,Sheath Blight,class_not_in_locked_kaggle_taxonomy
E:/GitHub/Personal/krishidoc_ml/datasets/Dhan-Shomadhan/Field Background/Sheath Blight/sbf_48.jpg,sheath_blight,excluded,field_background,Sheath Blight,class_not_in_locked_kaggle_taxonomy
E:/GitHub/Personal/krishidoc_ml/datasets/Dhan-Shomadhan/Field Background/Sheath Blight/sbf_49.jpg,sheath_blight,excluded,field_background,Sheath Blight,class_not_in_locked_kaggle_taxonomy
E:/GitHub/Personal/krishidoc_ml/datasets/Dhan-Shomadhan/Field Background/Sheath Blight/sbf_5.jpg,sheath_blight,excluded,field_background,Sheath Blight,class_not_in_locked_kaggle_taxonomy
E:/GitHub/Personal/krishidoc_ml/datasets/Dhan-Shomadhan/Field Background/Sheath Blight/sbf_50.jpg,sheath_blight,excluded,field_background,Sheath Blight,class_not_in_locked_kaggle_taxonomy
E:/GitHub/Personal/krishidoc_ml/datasets/Dhan-Shomadhan/Field Background/Sheath Blight/sbf_51.jpg,sheath_blight,excluded,field_background,Sheath Blight,class_not_in_locked_kaggle_taxonomy
E:/GitHub/Personal/krishidoc_ml/datasets/Dhan-Shomadhan/Field Background/Sheath Blight/sbf_52.jpg,sheath_blight,excluded,field_background,Sheath Blight,class_not_in_locked_kaggle_taxonomy
E:/GitHub/Personal/krishidoc_ml/datasets/Dhan-Shomadhan/Field Background/Sheath Blight/sbf_53.jpg,sheath_blight,excluded,field_background,Sheath Blight,class_not_in_locked_kaggle_taxonomy
E:/GitHub/Personal/krishidoc_ml/datasets/Dhan-Shomadhan/Field Background/Sheath Blight/sbf_54.jpg,sheath_blight,excluded,field_background,Sheath Blight,class_not_in_locked_kaggle_taxonomy
E:/GitHub/Personal/krishidoc_ml/datasets/Dhan-Shomadhan/Field Background/Sheath Blight/sbf_55.jpg,sheath_blight,excluded,field_background,Sheath Blight,class_not_in_locked_kaggle_taxonomy
E:/GitHub/Personal/krishidoc_ml/datasets/Dhan-Shomadhan/Field Background/Sheath Blight/sbf_56.jpg,sheath_blight,excluded,field_background,Sheath Blight,class_not_in_locked_kaggle_taxonomy
E:/GitHub/Personal/krishidoc_ml/datasets/Dhan-Shomadhan/Field Background/Sheath Blight/sbf_57.jpg,sheath_blight,excluded,field_background,Sheath Blight,class_not_in_locked_kaggle_taxonomy
E:/GitHub/Personal/krishidoc_ml/datasets/Dhan-Shomadhan/Field Background/Sheath Blight/sbf_58.jpg,sheath_blight,excluded,field_background,Sheath Blight,class_not_in_locked_kaggle_taxonomy
E:/GitHub/Personal/krishidoc_ml/datasets/Dhan-Shomadhan/Field Background/Sheath Blight/sbf_59.jpg,sheath_blight,excluded,field_background,Sheath Blight,class_not_in_locked_kaggle_taxonomy
E:/GitHub/Personal/krishidoc_ml/datasets/Dhan-Shomadhan/Field Background/Sheath Blight/sbf_6.jpg,sheath_blight,excluded,field_background,Sheath Blight,class_not_in_locked_kaggle_taxonomy
E:/GitHub/Personal/krishidoc_ml/datasets/Dhan-Shomadhan/Field Background/Sheath Blight/sbf_60.jpg,sheath_blight,excluded,field_background,Sheath Blight,class_not_in_locked_kaggle_taxonomy
E:/GitHub/Personal/krishidoc_ml/datasets/Dhan-Shomadhan/Field Background/Sheath Blight/sbf_61.jpg,sheath_blight,excluded,field_background,Sheath Blight,class_not_in_locked_kaggle_taxonomy
E:/GitHub/Personal/krishidoc_ml/datasets/Dhan-Shomadhan/Field Background/Sheath Blight/sbf_62.jpg,sheath_blight,excluded,field_background,Sheath Blight,class_not_in_locked_kaggle_taxonomy
E:/GitHub/Personal/krishidoc_ml/datasets/Dhan-Shomadhan/Field Background/Sheath Blight/sbf_63.jpg,sheath_blight,excluded,field_background,Sheath Blight,class_not_in_locked_kaggle_taxonomy
E:/GitHub/Personal/krishidoc_ml/datasets/Dhan-Shomadhan/Field Background/Sheath Blight/sbf_7.jpg,sheath_blight,excluded,field_background,Sheath Blight,class_not_in_locked_kaggle_taxonomy
E:/GitHub/Personal/krishidoc_ml/datasets/Dhan-Shomadhan/Field Background/Sheath Blight/sbf_8.jpg,sheath_blight,excluded,field_background,Sheath Blight,class_not_in_locked_kaggle_taxonomy
E:/GitHub/Personal/krishidoc_ml/datasets/Dhan-Shomadhan/Field Background/Sheath Blight/sbf_9.jpg,sheath_blight,excluded,field_background,Sheath Blight,class_not_in_locked_kaggle_taxonomy
E:/GitHub/Personal/krishidoc_ml/datasets/Dhan-Shomadhan/White Background/Leaf Scaled/ls_wb_0.jpg,leaf_scald,excluded,white_background,Leaf Scaled,class_not_in_locked_kaggle_taxonomy
E:/GitHub/Personal/krishidoc_ml/datasets/Dhan-Shomadhan/White Background/Leaf Scaled/ls_wb_1.jpg,leaf_scald,excluded,white_background,Leaf Scaled,class_not_in_locked_kaggle_taxonomy
E:/GitHub/Personal/krishidoc_ml/datasets/Dhan-Shomadhan/White Background/Leaf Scaled/ls_wb_10.jpg,leaf_scald,excluded,white_background,Leaf Scaled,class_not_in_locked_kaggle_taxonomy
E:/GitHub/Personal/krishidoc_ml/datasets/Dhan-Shomadhan/White Background/Leaf Scaled/ls_wb_100.jpg,leaf_scald,excluded,white_background,Leaf Scaled,class_not_in_locked_kaggle_taxonomy
E:/GitHub/Personal/krishidoc_ml/datasets/Dhan-Shomadhan/White Background/Leaf Scaled/ls_wb_101.jpg,leaf_scald,excluded,white_background,Leaf Scaled,class_not_in_locked_kaggle_taxonomy
E:/GitHub/Personal/krishidoc_ml/datasets/Dhan-Shomadhan/White Background/Leaf Scaled/ls_wb_102.jpg,leaf_scald,excluded,white_background,Leaf Scaled,class_not_in_locked_kaggle_taxonomy
E:/GitHub/Personal/krishidoc_ml/datasets/Dhan-Shomadhan/White Background/Leaf Scaled/ls_wb_103.jpg,leaf_scald,excluded,white_background,Leaf Scaled,class_not_in_locked_kaggle_taxonomy
E:/GitHub/Personal/krishidoc_ml/datasets/Dhan-Shomadhan/White Background/Leaf Scaled/ls_wb_104.jpg,leaf_scald,excluded,white_background,Leaf Scaled,class_not_in_locked_kaggle_taxonomy
E:/GitHub/Personal/krishidoc_ml/datasets/Dhan-Shomadhan/White Background/Leaf Scaled/ls_wb_105.jpg,leaf_scald,excluded,white_background,Leaf Scaled,class_not_in_locked_kaggle_taxonomy
E:/GitHub/Personal/krishidoc_ml/datasets/Dhan-Shomadhan/White Background/Leaf Scaled/ls_wb_106.jpg,leaf_scald,excluded,white_background,Leaf Scaled,class_not_in_locked_kaggle_taxonomy
E:/GitHub/Personal/krishidoc_ml/datasets/Dhan-Shomadhan/White Background/Leaf Scaled/ls_wb_107.jpg,leaf_scald,excluded,white_background,Leaf Scaled,class_not_in_locked_kaggle_taxonomy
E:/GitHub/Personal/krishidoc_ml/datasets/Dhan-Shomadhan/White Background/Leaf Scaled/ls_wb_108.jpg,leaf_scald,excluded,white_background,Leaf Scaled,class_not_in_locked_kaggle_taxonomy
E:/GitHub/Personal/krishidoc_ml/datasets/Dhan-Shomadhan/White Background/Leaf Scaled/ls_wb_109.jpg,leaf_scald,excluded,white_background,Leaf Scaled,class_not_in_locked_kaggle_taxonomy
E:/GitHub/Personal/krishidoc_ml/datasets/Dhan-Shomadhan/White Background/Leaf Scaled/ls_wb_11.jpg,leaf_scald,excluded,white_background,Leaf Scaled,class_not_in_locked_kaggle_taxonomy
E:/GitHub/Personal/krishidoc_ml/datasets/Dhan-Shomadhan/White Background/Leaf Scaled/ls_wb_110.jpg,leaf_scald,excluded,white_background,Leaf Scaled,class_not_in_locked_kaggle_taxonomy
E:/GitHub/Personal/krishidoc_ml/datasets/Dhan-Shomadhan/White Background/Leaf Scaled/ls_wb_111.jpg,leaf_scald,excluded,white_background,Leaf Scaled,class_not_in_locked_kaggle_taxonomy
E:/GitHub/Personal/krishidoc_ml/datasets/Dhan-Shomadhan/White Background/Leaf Scaled/ls_wb_112.jpg,leaf_scald,excluded,white_background,Leaf Scaled,class_not_in_locked_kaggle_taxonomy
E:/GitHub/Personal/krishidoc_ml/datasets/Dhan-Shomadhan/White Background/Leaf Scaled/ls_wb_113.jpg,leaf_scald,excluded,white_background,Leaf Scaled,class_not_in_locked_kaggle_taxonomy
E:/GitHub/Personal/krishidoc_ml/datasets/Dhan-Shomadhan/White Background/Leaf Scaled/ls_wb_114.jpg,leaf_scald,excluded,white_background,Leaf Scaled,class_not_in_locked_kaggle_taxonomy
E:/GitHub/Personal/krishidoc_ml/datasets/Dhan-Shomadhan/White Background/Leaf Scaled/ls_wb_115.jpg,leaf_scald,excluded,white_background,Leaf Scaled,class_not_in_locked_kaggle_taxonomy
E:/GitHub/Personal/krishidoc_ml/datasets/Dhan-Shomadhan/White Background/Leaf Scaled/ls_wb_116.jpg,leaf_scald,excluded,white_background,Leaf Scaled,class_not_in_locked_kaggle_taxonomy
E:/GitHub/Personal/krishidoc_ml/datasets/Dhan-Shomadhan/White Background/Leaf Scaled/ls_wb_117.jpg,leaf_scald,excluded,white_background,Leaf Scaled,class_not_in_locked_kaggle_taxonomy
E:/GitHub/Personal/krishidoc_ml/datasets/Dhan-Shomadhan/White Background/Leaf Scaled/ls_wb_118.jpg,leaf_scald,excluded,white_background,Leaf Scaled,class_not_in_locked_kaggle_taxonomy
E:/GitHub/Personal/krishidoc_ml/datasets/Dhan-Shomadhan/White Background/Leaf Scaled/ls_wb_119.jpg,leaf_scald,excluded,white_background,Leaf Scaled,class_not_in_locked_kaggle_taxonomy
E:/GitHub/Personal/krishidoc_ml/datasets/Dhan-Shomadhan/White Background/Leaf Scaled/ls_wb_12.jpg,leaf_scald,excluded,white_background,Leaf Scaled,class_not_in_locked_kaggle_taxonomy
E:/GitHub/Personal/krishidoc_ml/datasets/Dhan-Shomadhan/White Background/Leaf Scaled/ls_wb_120.jpg,leaf_scald,excluded,white_background,Leaf Scaled,class_not_in_locked_kaggle_taxonomy
E:/GitHub/Personal/krishidoc_ml/datasets/Dhan-Shomadhan/White Background/Leaf Scaled/ls_wb_121.jpg,leaf_scald,excluded,white_background,Leaf Scaled,class_not_in_locked_kaggle_taxonomy
E:/GitHub/Personal/krishidoc_ml/datasets/Dhan-Shomadhan/White Background/Leaf Scaled/ls_wb_122.jpg,leaf_scald,excluded,white_background,Leaf Scaled,class_not_in_locked_kaggle_taxonomy
E:/GitHub/Personal/krishidoc_ml/datasets/Dhan-Shomadhan/White Background/Leaf Scaled/ls_wb_123.jpg,leaf_scald,excluded,white_background,Leaf Scaled,class_not_in_locked_kaggle_taxonomy
E:/GitHub/Personal/krishidoc_ml/datasets/Dhan-Shomadhan/White Background/Leaf Scaled/ls_wb_124.jpg,leaf_scald,excluded,white_background,Leaf Scaled,class_not_in_locked_kaggle_taxonomy
E:/GitHub/Personal/krishidoc_ml/datasets/Dhan-Shomadhan/White Background/Leaf Scaled/ls_wb_125.jpg,leaf_scald,excluded,white_background,Leaf Scaled,class_not_in_locked_kaggle_taxonomy
E:/GitHub/Personal/krishidoc_ml/datasets/Dhan-Shomadhan/White Background/Leaf Scaled/ls_wb_126.jpg,leaf_scald,excluded,white_background,Leaf Scaled,class_not_in_locked_kaggle_taxonomy
E:/GitHub/Personal/krishidoc_ml/datasets/Dhan-Shomadhan/White Background/Leaf Scaled/ls_wb_127.jpg,leaf_scald,excluded,white_background,Leaf Scaled,class_not_in_locked_kaggle_taxonomy
E:/GitHub/Personal/krishidoc_ml/datasets/Dhan-Shomadhan/White Background/Leaf Scaled/ls_wb_128.jpg,leaf_scald,excluded,white_background,Leaf Scaled,class_not_in_locked_kaggle_taxonomy
E:/GitHub/Personal/krishidoc_ml/datasets/Dhan-Shomadhan/White Background/Leaf Scaled/ls_wb_129.jpg,leaf_scald,excluded,white_background,Leaf Scaled,class_not_in_locked_kaggle_taxonomy
E:/GitHub/Personal/krishidoc_ml/datasets/Dhan-Shomadhan/White Background/Leaf Scaled/ls_wb_13.jpg,leaf_scald,excluded,white_background,Leaf Scaled,class_not_in_locked_kaggle_taxonomy
E:/GitHub/Personal/krishidoc_ml/datasets/Dhan-Shomadhan/White Background/Leaf Scaled/ls_wb_130.jpg,leaf_scald,excluded,white_background,Leaf Scaled,class_not_in_locked_kaggle_taxonomy
E:/GitHub/Personal/krishidoc_ml/datasets/Dhan-Shomadhan/White Background/Leaf Scaled/ls_wb_131.jpg,leaf_scald,excluded,white_background,Leaf Scaled,class_not_in_locked_kaggle_taxonomy
E:/GitHub/Personal/krishidoc_ml/datasets/Dhan-Shomadhan/White Background/Leaf Scaled/ls_wb_132.jpg,leaf_scald,excluded,white_background,Leaf Scaled,class_not_in_locked_kaggle_taxonomy
E:/GitHub/Personal/krishidoc_ml/datasets/Dhan-Shomadhan/White Background/Leaf Scaled/ls_wb_133.jpg,leaf_scald,excluded,white_background,Leaf Scaled,class_not_in_locked_kaggle_taxonomy
E:/GitHub/Personal/krishidoc_ml/datasets/Dhan-Shomadhan/White Background/Leaf Scaled/ls_wb_134.jpg,leaf_scald,excluded,white_background,Leaf Scaled,class_not_in_locked_kaggle_taxonomy
E:/GitHub/Personal/krishidoc_ml/datasets/Dhan-Shomadhan/White Background/Leaf Scaled/ls_wb_135.jpg,leaf_scald,excluded,white_background,Leaf Scaled,class_not_in_locked_kaggle_taxonomy
E:/GitHub/Personal/krishidoc_ml/datasets/Dhan-Shomadhan/White Background/Leaf Scaled/ls_wb_136.jpg,leaf_scald,excluded,white_background,Leaf Scaled,class_not_in_locked_kaggle_taxonomy
E:/GitHub/Personal/krishidoc_ml/datasets/Dhan-Shomadhan/White Background/Leaf Scaled/ls_wb_137.jpg,leaf_scald,excluded,white_background,Leaf Scaled,class_not_in_locked_kaggle_taxonomy
E:/GitHub/Personal/krishidoc_ml/datasets/Dhan-Shomadhan/White Background/Leaf Scaled/ls_wb_138.jpg,leaf_scald,excluded,white_background,Leaf Scaled,class_not_in_locked_kaggle_taxonomy
E:/GitHub/Personal/krishidoc_ml/datasets/Dhan-Shomadhan/White Background/Leaf Scaled/ls_wb_139.jpg,leaf_scald,excluded,white_background,Leaf Scaled,class_not_in_locked_kaggle_taxonomy
E:/GitHub/Personal/krishidoc_ml/datasets/Dhan-Shomadhan/White Background/Leaf Scaled/ls_wb_14.jpg,leaf_scald,excluded,white_background,Leaf Scaled,class_not_in_locked_kaggle_taxonomy
E:/GitHub/Personal/krishidoc_ml/datasets/Dhan-Shomadhan/White Background/Leaf Scaled/ls_wb_140.jpg,leaf_scald,excluded,white_background,Leaf Scaled,class_not_in_locked_kaggle_taxonomy
E:/GitHub/Personal/krishidoc_ml/datasets/Dhan-Shomadhan/White Background/Leaf Scaled/ls_wb_141.jpg,leaf_scald,excluded,white_background,Leaf Scaled,class_not_in_locked_kaggle_taxonomy
E:/GitHub/Personal/krishidoc_ml/datasets/Dhan-Shomadhan/White Background/Leaf Scaled/ls_wb_142.jpg,leaf_scald,excluded,white_background,Leaf Scaled,class_not_in_locked_kaggle_taxonomy
E:/GitHub/Personal/krishidoc_ml/datasets/Dhan-Shomadhan/White Background/Leaf Scaled/ls_wb_15.jpg,leaf_scald,excluded,white_background,Leaf Scaled,class_not_in_locked_kaggle_taxonomy
E:/GitHub/Personal/krishidoc_ml/datasets/Dhan-Shomadhan/White Background/Leaf Scaled/ls_wb_16.jpg,leaf_scald,excluded,white_background,Leaf Scaled,class_not_in_locked_kaggle_taxonomy
E:/GitHub/Personal/krishidoc_ml/datasets/Dhan-Shomadhan/White Background/Leaf Scaled/ls_wb_17.jpg,leaf_scald,excluded,white_background,Leaf Scaled,class_not_in_locked_kaggle_taxonomy
E:/GitHub/Personal/krishidoc_ml/datasets/Dhan-Shomadhan/White Background/Leaf Scaled/ls_wb_18.jpg,leaf_scald,excluded,white_background,Leaf Scaled,class_not_in_locked_kaggle_taxonomy
E:/GitHub/Personal/krishidoc_ml/datasets/Dhan-Shomadhan/White Background/Leaf Scaled/ls_wb_19.jpg,leaf_scald,excluded,white_background,Leaf Scaled,class_not_in_locked_kaggle_taxonomy
E:/GitHub/Personal/krishidoc_ml/datasets/Dhan-Shomadhan/White Background/Leaf Scaled/ls_wb_2.jpg,leaf_scald,excluded,white_background,Leaf Scaled,class_not_in_locked_kaggle_taxonomy
E:/GitHub/Personal/krishidoc_ml/datasets/Dhan-Shomadhan/White Background/Leaf Scaled/ls_wb_20.jpg,leaf_scald,excluded,white_background,Leaf Scaled,class_not_in_locked_kaggle_taxonomy
E:/GitHub/Personal/krishidoc_ml/datasets/Dhan-Shomadhan/White Background/Leaf Scaled/ls_wb_21.jpg,leaf_scald,excluded,white_background,Leaf Scaled,class_not_in_locked_kaggle_taxonomy
E:/GitHub/Personal/krishidoc_ml/datasets/Dhan-Shomadhan/White Background/Leaf Scaled/ls_wb_22.jpg,leaf_scald,excluded,white_background,Leaf Scaled,class_not_in_locked_kaggle_taxonomy
E:/GitHub/Personal/krishidoc_ml/datasets/Dhan-Shomadhan/White Background/Leaf Scaled/ls_wb_23.jpg,leaf_scald,excluded,white_background,Leaf Scaled,class_not_in_locked_kaggle_taxonomy
E:/GitHub/Personal/krishidoc_ml/datasets/Dhan-Shomadhan/White Background/Leaf Scaled/ls_wb_24.jpg,leaf_scald,excluded,white_background,Leaf Scaled,class_not_in_locked_kaggle_taxonomy
E:/GitHub/Personal/krishidoc_ml/datasets/Dhan-Shomadhan/White Background/Leaf Scaled/ls_wb_25.jpg,leaf_scald,excluded,white_background,Leaf Scaled,class_not_in_locked_kaggle_taxonomy
E:/GitHub/Personal/krishidoc_ml/datasets/Dhan-Shomadhan/White Background/Leaf Scaled/ls_wb_26.jpg,leaf_scald,excluded,white_background,Leaf Scaled,class_not_in_locked_kaggle_taxonomy
E:/GitHub/Personal/krishidoc_ml/datasets/Dhan-Shomadhan/White Background/Leaf Scaled/ls_wb_27.jpg,leaf_scald,excluded,white_background,Leaf Scaled,class_not_in_locked_kaggle_taxonomy
E:/GitHub/Personal/krishidoc_ml/datasets/Dhan-Shomadhan/White Background/Leaf Scaled/ls_wb_28.jpg,leaf_scald,excluded,white_background,Leaf Scaled,class_not_in_locked_kaggle_taxonomy
E:/GitHub/Personal/krishidoc_ml/datasets/Dhan-Shomadhan/White Background/Leaf Scaled/ls_wb_29.jpg,leaf_scald,excluded,white_background,Leaf Scaled,class_not_in_locked_kaggle_taxonomy
E:/GitHub/Personal/krishidoc_ml/datasets/Dhan-Shomadhan/White Background/Leaf Scaled/ls_wb_3.jpg,leaf_scald,excluded,white_background,Leaf Scaled,class_not_in_locked_kaggle_taxonomy
E:/GitHub/Personal/krishidoc_ml/datasets/Dhan-Shomadhan/White Background/Leaf Scaled/ls_wb_30.jpg,leaf_scald,excluded,white_background,Leaf Scaled,class_not_in_locked_kaggle_taxonomy
E:/GitHub/Personal/krishidoc_ml/datasets/Dhan-Shomadhan/White Background/Leaf Scaled/ls_wb_31.jpg,leaf_scald,excluded,white_background,Leaf Scaled,class_not_in_locked_kaggle_taxonomy
E:/GitHub/Personal/krishidoc_ml/datasets/Dhan-Shomadhan/White Background/Leaf Scaled/ls_wb_32.jpg,leaf_scald,excluded,white_background,Leaf Scaled,class_not_in_locked_kaggle_taxonomy
E:/GitHub/Personal/krishidoc_ml/datasets/Dhan-Shomadhan/White Background/Leaf Scaled/ls_wb_33.jpg,leaf_scald,excluded,white_background,Leaf Scaled,class_not_in_locked_kaggle_taxonomy
E:/GitHub/Personal/krishidoc_ml/datasets/Dhan-Shomadhan/White Background/Leaf Scaled/ls_wb_34.jpg,leaf_scald,excluded,white_background,Leaf Scaled,class_not_in_locked_kaggle_taxonomy
E:/GitHub/Personal/krishidoc_ml/datasets/Dhan-Shomadhan/White Background/Leaf Scaled/ls_wb_35.jpg,leaf_scald,excluded,white_background,Leaf Scaled,class_not_in_locked_kaggle_taxonomy
E:/GitHub/Personal/krishidoc_ml/datasets/Dhan-Shomadhan/White Background/Leaf Scaled/ls_wb_36.jpg,leaf_scald,excluded,white_background,Leaf Scaled,class_not_in_locked_kaggle_taxonomy
E:/GitHub/Personal/krishidoc_ml/datasets/Dhan-Shomadhan/White Background/Leaf Scaled/ls_wb_37.jpg,leaf_scald,excluded,white_background,Leaf Scaled,class_not_in_locked_kaggle_taxonomy
E:/GitHub/Personal/krishidoc_ml/datasets/Dhan-Shomadhan/White Background/Leaf Scaled/ls_wb_38.jpg,leaf_scald,excluded,white_background,Leaf Scaled,class_not_in_locked_kaggle_taxonomy
E:/GitHub/Personal/krishidoc_ml/datasets/Dhan-Shomadhan/White Background/Leaf Scaled/ls_wb_39.jpg,leaf_scald,excluded,white_background,Leaf Scaled,class_not_in_locked_kaggle_taxonomy
E:/GitHub/Personal/krishidoc_ml/datasets/Dhan-Shomadhan/White Background/Leaf Scaled/ls_wb_4.jpg,leaf_scald,excluded,white_background,Leaf Scaled,class_not_in_locked_kaggle_taxonomy
E:/GitHub/Personal/krishidoc_ml/datasets/Dhan-Shomadhan/White Background/Leaf Scaled/ls_wb_40.jpg,leaf_scald,excluded,white_background,Leaf Scaled,class_not_in_locked_kaggle_taxonomy
E:/GitHub/Personal/krishidoc_ml/datasets/Dhan-Shomadhan/White Background/Leaf Scaled/ls_wb_41.jpg,leaf_scald,excluded,white_background,Leaf Scaled,class_not_in_locked_kaggle_taxonomy
E:/GitHub/Personal/krishidoc_ml/datasets/Dhan-Shomadhan/White Background/Leaf Scaled/ls_wb_42.jpg,leaf_scald,excluded,white_background,Leaf Scaled,class_not_in_locked_kaggle_taxonomy
E:/GitHub/Personal/krishidoc_ml/datasets/Dhan-Shomadhan/White Background/Leaf Scaled/ls_wb_43.jpg,leaf_scald,excluded,white_background,Leaf Scaled,class_not_in_locked_kaggle_taxonomy
E:/GitHub/Personal/krishidoc_ml/datasets/Dhan-Shomadhan/White Background/Leaf Scaled/ls_wb_44.jpg,leaf_scald,excluded,white_background,Leaf Scaled,class_not_in_locked_kaggle_taxonomy
E:/GitHub/Personal/krishidoc_ml/datasets/Dhan-Shomadhan/White Background/Leaf Scaled/ls_wb_45.jpg,leaf_scald,excluded,white_background,Leaf Scaled,class_not_in_locked_kaggle_taxonomy
E:/GitHub/Personal/krishidoc_ml/datasets/Dhan-Shomadhan/White Background/Leaf Scaled/ls_wb_46.jpg,leaf_scald,excluded,white_background,Leaf Scaled,class_not_in_locked_kaggle_taxonomy
E:/GitHub/Personal/krishidoc_ml/datasets/Dhan-Shomadhan/White Background/Leaf Scaled/ls_wb_47.jpg,leaf_scald,excluded,white_background,Leaf Scaled,class_not_in_locked_kaggle_taxonomy
E:/GitHub/Personal/krishidoc_ml/datasets/Dhan-Shomadhan/White Background/Leaf Scaled/ls_wb_48.jpg,leaf_scald,excluded,white_background,Leaf Scaled,class_not_in_locked_kaggle_taxonomy
E:/GitHub/Personal/krishidoc_ml/datasets/Dhan-Shomadhan/White Background/Leaf Scaled/ls_wb_49.jpg,leaf_scald,excluded,white_background,Leaf Scaled,class_not_in_locked_kaggle_taxonomy
E:/GitHub/Personal/krishidoc_ml/datasets/Dhan-Shomadhan/White Background/Leaf Scaled/ls_wb_5.jpg,leaf_scald,excluded,white_background,Leaf Scaled,class_not_in_locked_kaggle_taxonomy
E:/GitHub/Personal/krishidoc_ml/datasets/Dhan-Shomadhan/White Background/Leaf Scaled/ls_wb_50.jpg,leaf_scald,excluded,white_background,Leaf Scaled,class_not_in_locked_kaggle_taxonomy
E:/GitHub/Personal/krishidoc_ml/datasets/Dhan-Shomadhan/White Background/Leaf Scaled/ls_wb_51.jpg,leaf_scald,excluded,white_background,Leaf Scaled,class_not_in_locked_kaggle_taxonomy
E:/GitHub/Personal/krishidoc_ml/datasets/Dhan-Shomadhan/White Background/Leaf Scaled/ls_wb_52.jpg,leaf_scald,excluded,white_background,Leaf Scaled,class_not_in_locked_kaggle_taxonomy
E:/GitHub/Personal/krishidoc_ml/datasets/Dhan-Shomadhan/White Background/Leaf Scaled/ls_wb_53.jpg,leaf_scald,excluded,white_background,Leaf Scaled,class_not_in_locked_kaggle_taxonomy
E:/GitHub/Personal/krishidoc_ml/datasets/Dhan-Shomadhan/White Background/Leaf Scaled/ls_wb_54.jpg,leaf_scald,excluded,white_background,Leaf Scaled,class_not_in_locked_kaggle_taxonomy
E:/GitHub/Personal/krishidoc_ml/datasets/Dhan-Shomadhan/White Background/Leaf Scaled/ls_wb_55.jpg,leaf_scald,excluded,white_background,Leaf Scaled,class_not_in_locked_kaggle_taxonomy
E:/GitHub/Personal/krishidoc_ml/datasets/Dhan-Shomadhan/White Background/Leaf Scaled/ls_wb_56.jpg,leaf_scald,excluded,white_background,Leaf Scaled,class_not_in_locked_kaggle_taxonomy
E:/GitHub/Personal/krishidoc_ml/datasets/Dhan-Shomadhan/White Background/Leaf Scaled/ls_wb_57.jpg,leaf_scald,excluded,white_background,Leaf Scaled,class_not_in_locked_kaggle_taxonomy
E:/GitHub/Personal/krishidoc_ml/datasets/Dhan-Shomadhan/White Background/Leaf Scaled/ls_wb_58.jpg,leaf_scald,excluded,white_background,Leaf Scaled,class_not_in_locked_kaggle_taxonomy
E:/GitHub/Personal/krishidoc_ml/datasets/Dhan-Shomadhan/White Background/Leaf Scaled/ls_wb_59.jpg,leaf_scald,excluded,white_background,Leaf Scaled,class_not_in_locked_kaggle_taxonomy
E:/GitHub/Personal/krishidoc_ml/datasets/Dhan-Shomadhan/White Background/Leaf Scaled/ls_wb_6.jpg,leaf_scald,excluded,white_background,Leaf Scaled,class_not_in_locked_kaggle_taxonomy
E:/GitHub/Personal/krishidoc_ml/datasets/Dhan-Shomadhan/White Background/Leaf Scaled/ls_wb_60.jpg,leaf_scald,excluded,white_background,Leaf Scaled,class_not_in_locked_kaggle_taxonomy
E:/GitHub/Personal/krishidoc_ml/datasets/Dhan-Shomadhan/White Background/Leaf Scaled/ls_wb_61.jpg,leaf_scald,excluded,white_background,Leaf Scaled,class_not_in_locked_kaggle_taxonomy
E:/GitHub/Personal/krishidoc_ml/datasets/Dhan-Shomadhan/White Background/Leaf Scaled/ls_wb_62.jpg,leaf_scald,excluded,white_background,Leaf Scaled,class_not_in_locked_kaggle_taxonomy
E:/GitHub/Personal/krishidoc_ml/datasets/Dhan-Shomadhan/White Background/Leaf Scaled/ls_wb_63.jpg,leaf_scald,excluded,white_background,Leaf Scaled,class_not_in_locked_kaggle_taxonomy
E:/GitHub/Personal/krishidoc_ml/datasets/Dhan-Shomadhan/White Background/Leaf Scaled/ls_wb_64.jpg,leaf_scald,excluded,white_background,Leaf Scaled,class_not_in_locked_kaggle_taxonomy
E:/GitHub/Personal/krishidoc_ml/datasets/Dhan-Shomadhan/White Background/Leaf Scaled/ls_wb_65.jpg,leaf_scald,excluded,white_background,Leaf Scaled,class_not_in_locked_kaggle_taxonomy
E:/GitHub/Personal/krishidoc_ml/datasets/Dhan-Shomadhan/White Background/Leaf Scaled/ls_wb_66.jpg,leaf_scald,excluded,white_background,Leaf Scaled,class_not_in_locked_kaggle_taxonomy
E:/GitHub/Personal/krishidoc_ml/datasets/Dhan-Shomadhan/White Background/Leaf Scaled/ls_wb_67.jpg,leaf_scald,excluded,white_background,Leaf Scaled,class_not_in_locked_kaggle_taxonomy
E:/GitHub/Personal/krishidoc_ml/datasets/Dhan-Shomadhan/White Background/Leaf Scaled/ls_wb_68.jpg,leaf_scald,excluded,white_background,Leaf Scaled,class_not_in_locked_kaggle_taxonomy
E:/GitHub/Personal/krishidoc_ml/datasets/Dhan-Shomadhan/White Background/Leaf Scaled/ls_wb_69.jpg,leaf_scald,excluded,white_background,Leaf Scaled,class_not_in_locked_kaggle_taxonomy
E:/GitHub/Personal/krishidoc_ml/datasets/Dhan-Shomadhan/White Background/Leaf Scaled/ls_wb_7.jpg,leaf_scald,excluded,white_background,Leaf Scaled,class_not_in_locked_kaggle_taxonomy
E:/GitHub/Personal/krishidoc_ml/datasets/Dhan-Shomadhan/White Background/Leaf Scaled/ls_wb_70.jpg,leaf_scald,excluded,white_background,Leaf Scaled,class_not_in_locked_kaggle_taxonomy
E:/GitHub/Personal/krishidoc_ml/datasets/Dhan-Shomadhan/White Background/Leaf Scaled/ls_wb_71.jpg,leaf_scald,excluded,white_background,Leaf Scaled,class_not_in_locked_kaggle_taxonomy
E:/GitHub/Personal/krishidoc_ml/datasets/Dhan-Shomadhan/White Background/Leaf Scaled/ls_wb_72.jpg,leaf_scald,excluded,white_background,Leaf Scaled,class_not_in_locked_kaggle_taxonomy
E:/GitHub/Personal/krishidoc_ml/datasets/Dhan-Shomadhan/White Background/Leaf Scaled/ls_wb_73.jpg,leaf_scald,excluded,white_background,Leaf Scaled,class_not_in_locked_kaggle_taxonomy
E:/GitHub/Personal/krishidoc_ml/datasets/Dhan-Shomadhan/White Background/Leaf Scaled/ls_wb_74.jpg,leaf_scald,excluded,white_background,Leaf Scaled,class_not_in_locked_kaggle_taxonomy
E:/GitHub/Personal/krishidoc_ml/datasets/Dhan-Shomadhan/White Background/Leaf Scaled/ls_wb_75.jpg,leaf_scald,excluded,white_background,Leaf Scaled,class_not_in_locked_kaggle_taxonomy
E:/GitHub/Personal/krishidoc_ml/datasets/Dhan-Shomadhan/White Background/Leaf Scaled/ls_wb_76.jpg,leaf_scald,excluded,white_background,Leaf Scaled,class_not_in_locked_kaggle_taxonomy
E:/GitHub/Personal/krishidoc_ml/datasets/Dhan-Shomadhan/White Background/Leaf Scaled/ls_wb_77.jpg,leaf_scald,excluded,white_background,Leaf Scaled,class_not_in_locked_kaggle_taxonomy
E:/GitHub/Personal/krishidoc_ml/datasets/Dhan-Shomadhan/White Background/Leaf Scaled/ls_wb_78.jpg,leaf_scald,excluded,white_background,Leaf Scaled,class_not_in_locked_kaggle_taxonomy
E:/GitHub/Personal/krishidoc_ml/datasets/Dhan-Shomadhan/White Background/Leaf Scaled/ls_wb_79.jpg,leaf_scald,excluded,white_background,Leaf Scaled,class_not_in_locked_kaggle_taxonomy
E:/GitHub/Personal/krishidoc_ml/datasets/Dhan-Shomadhan/White Background/Leaf Scaled/ls_wb_8.jpg,leaf_scald,excluded,white_background,Leaf Scaled,class_not_in_locked_kaggle_taxonomy
E:/GitHub/Personal/krishidoc_ml/datasets/Dhan-Shomadhan/White Background/Leaf Scaled/ls_wb_80.jpg,leaf_scald,excluded,white_background,Leaf Scaled,class_not_in_locked_kaggle_taxonomy
E:/GitHub/Personal/krishidoc_ml/datasets/Dhan-Shomadhan/White Background/Leaf Scaled/ls_wb_81.jpg,leaf_scald,excluded,white_background,Leaf Scaled,class_not_in_locked_kaggle_taxonomy
E:/GitHub/Personal/krishidoc_ml/datasets/Dhan-Shomadhan/White Background/Leaf Scaled/ls_wb_82.jpg,leaf_scald,excluded,white_background,Leaf Scaled,class_not_in_locked_kaggle_taxonomy
E:/GitHub/Personal/krishidoc_ml/datasets/Dhan-Shomadhan/White Background/Leaf Scaled/ls_wb_83.jpg,leaf_scald,excluded,white_background,Leaf Scaled,class_not_in_locked_kaggle_taxonomy
E:/GitHub/Personal/krishidoc_ml/datasets/Dhan-Shomadhan/White Background/Leaf Scaled/ls_wb_84.jpg,leaf_scald,excluded,white_background,Leaf Scaled,class_not_in_locked_kaggle_taxonomy
E:/GitHub/Personal/krishidoc_ml/datasets/Dhan-Shomadhan/White Background/Leaf Scaled/ls_wb_85.jpg,leaf_scald,excluded,white_background,Leaf Scaled,class_not_in_locked_kaggle_taxonomy
E:/GitHub/Personal/krishidoc_ml/datasets/Dhan-Shomadhan/White Background/Leaf Scaled/ls_wb_86.jpg,leaf_scald,excluded,white_background,Leaf Scaled,class_not_in_locked_kaggle_taxonomy
E:/GitHub/Personal/krishidoc_ml/datasets/Dhan-Shomadhan/White Background/Leaf Scaled/ls_wb_87.jpg,leaf_scald,excluded,white_background,Leaf Scaled,class_not_in_locked_kaggle_taxonomy
E:/GitHub/Personal/krishidoc_ml/datasets/Dhan-Shomadhan/White Background/Leaf Scaled/ls_wb_88.jpg,leaf_scald,excluded,white_background,Leaf Scaled,class_not_in_locked_kaggle_taxonomy
E:/GitHub/Personal/krishidoc_ml/datasets/Dhan-Shomadhan/White Background/Leaf Scaled/ls_wb_89.jpg,leaf_scald,excluded,white_background,Leaf Scaled,class_not_in_locked_kaggle_taxonomy
E:/GitHub/Personal/krishidoc_ml/datasets/Dhan-Shomadhan/White Background/Leaf Scaled/ls_wb_9.jpg,leaf_scald,excluded,white_background,Leaf Scaled,class_not_in_locked_kaggle_taxonomy
E:/GitHub/Personal/krishidoc_ml/datasets/Dhan-Shomadhan/White Background/Leaf Scaled/ls_wb_90.jpg,leaf_scald,excluded,white_background,Leaf Scaled,class_not_in_locked_kaggle_taxonomy
E:/GitHub/Personal/krishidoc_ml/datasets/Dhan-Shomadhan/White Background/Leaf Scaled/ls_wb_91.jpg,leaf_scald,excluded,white_background,Leaf Scaled,class_not_in_locked_kaggle_taxonomy
E:/GitHub/Personal/krishidoc_ml/datasets/Dhan-Shomadhan/White Background/Leaf Scaled/ls_wb_92.jpg,leaf_scald,excluded,white_background,Leaf Scaled,class_not_in_locked_kaggle_taxonomy
E:/GitHub/Personal/krishidoc_ml/datasets/Dhan-Shomadhan/White Background/Leaf Scaled/ls_wb_93.jpg,leaf_scald,excluded,white_background,Leaf Scaled,class_not_in_locked_kaggle_taxonomy
E:/GitHub/Personal/krishidoc_ml/datasets/Dhan-Shomadhan/White Background/Leaf Scaled/ls_wb_94.jpg,leaf_scald,excluded,white_background,Leaf Scaled,class_not_in_locked_kaggle_taxonomy
E:/GitHub/Personal/krishidoc_ml/datasets/Dhan-Shomadhan/White Background/Leaf Scaled/ls_wb_95.jpg,leaf_scald,excluded,white_background,Leaf Scaled,class_not_in_locked_kaggle_taxonomy
E:/GitHub/Personal/krishidoc_ml/datasets/Dhan-Shomadhan/White Background/Leaf Scaled/ls_wb_96.jpg,leaf_scald,excluded,white_background,Leaf Scaled,class_not_in_locked_kaggle_taxonomy
E:/GitHub/Personal/krishidoc_ml/datasets/Dhan-Shomadhan/White Background/Leaf Scaled/ls_wb_97.jpg,leaf_scald,excluded,white_background,Leaf Scaled,class_not_in_locked_kaggle_taxonomy
E:/GitHub/Personal/krishidoc_ml/datasets/Dhan-Shomadhan/White Background/Leaf Scaled/ls_wb_98.jpg,leaf_scald,excluded,white_background,Leaf Scaled,class_not_in_locked_kaggle_taxonomy
E:/GitHub/Personal/krishidoc_ml/datasets/Dhan-Shomadhan/White Background/Leaf Scaled/ls_wb_99.jpg,leaf_scald,excluded,white_background,Leaf Scaled,class_not_in_locked_kaggle_taxonomy
E:/GitHub/Personal/krishidoc_ml/datasets/Dhan-Shomadhan/White Background/Shath Blight/sb_wb_0.jpg,sheath_blight,excluded,white_background,Shath Blight,class_not_in_locked_kaggle_taxonomy
E:/GitHub/Personal/krishidoc_ml/datasets/Dhan-Shomadhan/White Background/Shath Blight/sb_wb_1.jpg,sheath_blight,excluded,white_background,Shath Blight,class_not_in_locked_kaggle_taxonomy
E:/GitHub/Personal/krishidoc_ml/datasets/Dhan-Shomadhan/White Background/Shath Blight/sb_wb_10.jpg,sheath_blight,excluded,white_background,Shath Blight,class_not_in_locked_kaggle_taxonomy
E:/GitHub/Personal/krishidoc_ml/datasets/Dhan-Shomadhan/White Background/Shath Blight/sb_wb_100.jpg,sheath_blight,excluded,white_background,Shath Blight,class_not_in_locked_kaggle_taxonomy
E:/GitHub/Personal/krishidoc_ml/datasets/Dhan-Shomadhan/White Background/Shath Blight/sb_wb_101.jpg,sheath_blight,excluded,white_background,Shath Blight,class_not_in_locked_kaggle_taxonomy
E:/GitHub/Personal/krishidoc_ml/datasets/Dhan-Shomadhan/White Background/Shath Blight/sb_wb_102.jpg,sheath_blight,excluded,white_background,Shath Blight,class_not_in_locked_kaggle_taxonomy
E:/GitHub/Personal/krishidoc_ml/datasets/Dhan-Shomadhan/White Background/Shath Blight/sb_wb_103.jpg,sheath_blight,excluded,white_background,Shath Blight,class_not_in_locked_kaggle_taxonomy
E:/GitHub/Personal/krishidoc_ml/datasets/Dhan-Shomadhan/White Background/Shath Blight/sb_wb_104.jpg,sheath_blight,excluded,white_background,Shath Blight,class_not_in_locked_kaggle_taxonomy
E:/GitHub/Personal/krishidoc_ml/datasets/Dhan-Shomadhan/White Background/Shath Blight/sb_wb_105.jpg,sheath_blight,excluded,white_background,Shath Blight,class_not_in_locked_kaggle_taxonomy
E:/GitHub/Personal/krishidoc_ml/datasets/Dhan-Shomadhan/White Background/Shath Blight/sb_wb_106.jpg,sheath_blight,excluded,white_background,Shath Blight,class_not_in_locked_kaggle_taxonomy
E:/GitHub/Personal/krishidoc_ml/datasets/Dhan-Shomadhan/White Background/Shath Blight/sb_wb_107.jpg,sheath_blight,excluded,white_background,Shath Blight,class_not_in_locked_kaggle_taxonomy
E:/GitHub/Personal/krishidoc_ml/datasets/Dhan-Shomadhan/White Background/Shath Blight/sb_wb_108.jpg,sheath_blight,excluded,white_background,Shath Blight,class_not_in_locked_kaggle_taxonomy
E:/GitHub/Personal/krishidoc_ml/datasets/Dhan-Shomadhan/White Background/Shath Blight/sb_wb_109.jpg,sheath_blight,excluded,white_background,Shath Blight,class_not_in_locked_kaggle_taxonomy
E:/GitHub/Personal/krishidoc_ml/datasets/Dhan-Shomadhan/White Background/Shath Blight/sb_wb_11.jpg,sheath_blight,excluded,white_background,Shath Blight,class_not_in_locked_kaggle_taxonomy
E:/GitHub/Personal/krishidoc_ml/datasets/Dhan-Shomadhan/White Background/Shath Blight/sb_wb_110.jpg,sheath_blight,excluded,white_background,Shath Blight,class_not_in_locked_kaggle_taxonomy
E:/GitHub/Personal/krishidoc_ml/datasets/Dhan-Shomadhan/White Background/Shath Blight/sb_wb_111.jpg,sheath_blight,excluded,white_background,Shath Blight,class_not_in_locked_kaggle_taxonomy
E:/GitHub/Personal/krishidoc_ml/datasets/Dhan-Shomadhan/White Background/Shath Blight/sb_wb_112.jpg,sheath_blight,excluded,white_background,Shath Blight,class_not_in_locked_kaggle_taxonomy
E:/GitHub/Personal/krishidoc_ml/datasets/Dhan-Shomadhan/White Background/Shath Blight/sb_wb_113.jpg,sheath_blight,excluded,white_background,Shath Blight,class_not_in_locked_kaggle_taxonomy
E:/GitHub/Personal/krishidoc_ml/datasets/Dhan-Shomadhan/White Background/Shath Blight/sb_wb_114.jpg,sheath_blight,excluded,white_background,Shath Blight,class_not_in_locked_kaggle_taxonomy
E:/GitHub/Personal/krishidoc_ml/datasets/Dhan-Shomadhan/White Background/Shath Blight/sb_wb_115.jpg,sheath_blight,excluded,white_background,Shath Blight,class_not_in_locked_kaggle_taxonomy
E:/GitHub/Personal/krishidoc_ml/datasets/Dhan-Shomadhan/White Background/Shath Blight/sb_wb_116.jpg,sheath_blight,excluded,white_background,Shath Blight,class_not_in_locked_kaggle_taxonomy
E:/GitHub/Personal/krishidoc_ml/datasets/Dhan-Shomadhan/White Background/Shath Blight/sb_wb_117.jpg,sheath_blight,excluded,white_background,Shath Blight,class_not_in_locked_kaggle_taxonomy
E:/GitHub/Personal/krishidoc_ml/datasets/Dhan-Shomadhan/White Background/Shath Blight/sb_wb_118.jpg,sheath_blight,excluded,white_background,Shath Blight,class_not_in_locked_kaggle_taxonomy
E:/GitHub/Personal/krishidoc_ml/datasets/Dhan-Shomadhan/White Background/Shath Blight/sb_wb_119.jpg,sheath_blight,excluded,white_background,Shath Blight,class_not_in_locked_kaggle_taxonomy
E:/GitHub/Personal/krishidoc_ml/datasets/Dhan-Shomadhan/White Background/Shath Blight/sb_wb_12.jpg,sheath_blight,excluded,white_background,Shath Blight,class_not_in_locked_kaggle_taxonomy
E:/GitHub/Personal/krishidoc_ml/datasets/Dhan-Shomadhan/White Background/Shath Blight/sb_wb_120.jpg,sheath_blight,excluded,white_background,Shath Blight,class_not_in_locked_kaggle_taxonomy
E:/GitHub/Personal/krishidoc_ml/datasets/Dhan-Shomadhan/White Background/Shath Blight/sb_wb_121.jpg,sheath_blight,excluded,white_background,Shath Blight,class_not_in_locked_kaggle_taxonomy
E:/GitHub/Personal/krishidoc_ml/datasets/Dhan-Shomadhan/White Background/Shath Blight/sb_wb_122.jpg,sheath_blight,excluded,white_background,Shath Blight,class_not_in_locked_kaggle_taxonomy
E:/GitHub/Personal/krishidoc_ml/datasets/Dhan-Shomadhan/White Background/Shath Blight/sb_wb_123.jpg,sheath_blight,excluded,white_background,Shath Blight,class_not_in_locked_kaggle_taxonomy
E:/GitHub/Personal/krishidoc_ml/datasets/Dhan-Shomadhan/White Background/Shath Blight/sb_wb_124.jpg,sheath_blight,excluded,white_background,Shath Blight,class_not_in_locked_kaggle_taxonomy
E:/GitHub/Personal/krishidoc_ml/datasets/Dhan-Shomadhan/White Background/Shath Blight/sb_wb_125.jpg,sheath_blight,excluded,white_background,Shath Blight,class_not_in_locked_kaggle_taxonomy
E:/GitHub/Personal/krishidoc_ml/datasets/Dhan-Shomadhan/White Background/Shath Blight/sb_wb_126.jpg,sheath_blight,excluded,white_background,Shath Blight,class_not_in_locked_kaggle_taxonomy
E:/GitHub/Personal/krishidoc_ml/datasets/Dhan-Shomadhan/White Background/Shath Blight/sb_wb_127.jpg,sheath_blight,excluded,white_background,Shath Blight,class_not_in_locked_kaggle_taxonomy
E:/GitHub/Personal/krishidoc_ml/datasets/Dhan-Shomadhan/White Background/Shath Blight/sb_wb_128.jpg,sheath_blight,excluded,white_background,Shath Blight,class_not_in_locked_kaggle_taxonomy
E:/GitHub/Personal/krishidoc_ml/datasets/Dhan-Shomadhan/White Background/Shath Blight/sb_wb_129.jpg,sheath_blight,excluded,white_background,Shath Blight,class_not_in_locked_kaggle_taxonomy
E:/GitHub/Personal/krishidoc_ml/datasets/Dhan-Shomadhan/White Background/Shath Blight/sb_wb_13.jpg,sheath_blight,excluded,white_background,Shath Blight,class_not_in_locked_kaggle_taxonomy
E:/GitHub/Personal/krishidoc_ml/datasets/Dhan-Shomadhan/White Background/Shath Blight/sb_wb_130.jpg,sheath_blight,excluded,white_background,Shath Blight,class_not_in_locked_kaggle_taxonomy
E:/GitHub/Personal/krishidoc_ml/datasets/Dhan-Shomadhan/White Background/Shath Blight/sb_wb_131.jpg,sheath_blight,excluded,white_background,Shath Blight,class_not_in_locked_kaggle_taxonomy
E:/GitHub/Personal/krishidoc_ml/datasets/Dhan-Shomadhan/White Background/Shath Blight/sb_wb_132.jpg,sheath_blight,excluded,white_background,Shath Blight,class_not_in_locked_kaggle_taxonomy
E:/GitHub/Personal/krishidoc_ml/datasets/Dhan-Shomadhan/White Background/Shath Blight/sb_wb_133.jpg,sheath_blight,excluded,white_background,Shath Blight,class_not_in_locked_kaggle_taxonomy
E:/GitHub/Personal/krishidoc_ml/datasets/Dhan-Shomadhan/White Background/Shath Blight/sb_wb_134.jpg,sheath_blight,excluded,white_background,Shath Blight,class_not_in_locked_kaggle_taxonomy
E:/GitHub/Personal/krishidoc_ml/datasets/Dhan-Shomadhan/White Background/Shath Blight/sb_wb_135.jpg,sheath_blight,excluded,white_background,Shath Blight,class_not_in_locked_kaggle_taxonomy
E:/GitHub/Personal/krishidoc_ml/datasets/Dhan-Shomadhan/White Background/Shath Blight/sb_wb_136.jpg,sheath_blight,excluded,white_background,Shath Blight,class_not_in_locked_kaggle_taxonomy
E:/GitHub/Personal/krishidoc_ml/datasets/Dhan-Shomadhan/White Background/Shath Blight/sb_wb_137.jpg,sheath_blight,excluded,white_background,Shath Blight,class_not_in_locked_kaggle_taxonomy
E:/GitHub/Personal/krishidoc_ml/datasets/Dhan-Shomadhan/White Background/Shath Blight/sb_wb_138.jpg,sheath_blight,excluded,white_background,Shath Blight,class_not_in_locked_kaggle_taxonomy
E:/GitHub/Personal/krishidoc_ml/datasets/Dhan-Shomadhan/White Background/Shath Blight/sb_wb_139.jpg,sheath_blight,excluded,white_background,Shath Blight,class_not_in_locked_kaggle_taxonomy
E:/GitHub/Personal/krishidoc_ml/datasets/Dhan-Shomadhan/White Background/Shath Blight/sb_wb_14.jpg,sheath_blight,excluded,white_background,Shath Blight,class_not_in_locked_kaggle_taxonomy
E:/GitHub/Personal/krishidoc_ml/datasets/Dhan-Shomadhan/White Background/Shath Blight/sb_wb_140.jpg,sheath_blight,excluded,white_background,Shath Blight,class_not_in_locked_kaggle_taxonomy
E:/GitHub/Personal/krishidoc_ml/datasets/Dhan-Shomadhan/White Background/Shath Blight/sb_wb_141.jpg,sheath_blight,excluded,white_background,Shath Blight,class_not_in_locked_kaggle_taxonomy
E:/GitHub/Personal/krishidoc_ml/datasets/Dhan-Shomadhan/White Background/Shath Blight/sb_wb_142.jpg,sheath_blight,excluded,white_background,Shath Blight,class_not_in_locked_kaggle_taxonomy
E:/GitHub/Personal/krishidoc_ml/datasets/Dhan-Shomadhan/White Background/Shath Blight/sb_wb_143.jpg,sheath_blight,excluded,white_background,Shath Blight,class_not_in_locked_kaggle_taxonomy
E:/GitHub/Personal/krishidoc_ml/datasets/Dhan-Shomadhan/White Background/Shath Blight/sb_wb_144.jpg,sheath_blight,excluded,white_background,Shath Blight,class_not_in_locked_kaggle_taxonomy
E:/GitHub/Personal/krishidoc_ml/datasets/Dhan-Shomadhan/White Background/Shath Blight/sb_wb_145.jpg,sheath_blight,excluded,white_background,Shath Blight,class_not_in_locked_kaggle_taxonomy
E:/GitHub/Personal/krishidoc_ml/datasets/Dhan-Shomadhan/White Background/Shath Blight/sb_wb_146.jpg,sheath_blight,excluded,white_background,Shath Blight,class_not_in_locked_kaggle_taxonomy
E:/GitHub/Personal/krishidoc_ml/datasets/Dhan-Shomadhan/White Background/Shath Blight/sb_wb_147.jpg,sheath_blight,excluded,white_background,Shath Blight,class_not_in_locked_kaggle_taxonomy
E:/GitHub/Personal/krishidoc_ml/datasets/Dhan-Shomadhan/White Background/Shath Blight/sb_wb_148.jpg,sheath_blight,excluded,white_background,Shath Blight,class_not_in_locked_kaggle_taxonomy
E:/GitHub/Personal/krishidoc_ml/datasets/Dhan-Shomadhan/White Background/Shath Blight/sb_wb_149.jpg,sheath_blight,excluded,white_background,Shath Blight,class_not_in_locked_kaggle_taxonomy
E:/GitHub/Personal/krishidoc_ml/datasets/Dhan-Shomadhan/White Background/Shath Blight/sb_wb_15.jpg,sheath_blight,excluded,white_background,Shath Blight,class_not_in_locked_kaggle_taxonomy
E:/GitHub/Personal/krishidoc_ml/datasets/Dhan-Shomadhan/White Background/Shath Blight/sb_wb_150.jpg,sheath_blight,excluded,white_background,Shath Blight,class_not_in_locked_kaggle_taxonomy
E:/GitHub/Personal/krishidoc_ml/datasets/Dhan-Shomadhan/White Background/Shath Blight/sb_wb_151.jpg,sheath_blight,excluded,white_background,Shath Blight,class_not_in_locked_kaggle_taxonomy
E:/GitHub/Personal/krishidoc_ml/datasets/Dhan-Shomadhan/White Background/Shath Blight/sb_wb_152.jpg,sheath_blight,excluded,white_background,Shath Blight,class_not_in_locked_kaggle_taxonomy
E:/GitHub/Personal/krishidoc_ml/datasets/Dhan-Shomadhan/White Background/Shath Blight/sb_wb_153.jpg,sheath_blight,excluded,white_background,Shath Blight,class_not_in_locked_kaggle_taxonomy
E:/GitHub/Personal/krishidoc_ml/datasets/Dhan-Shomadhan/White Background/Shath Blight/sb_wb_154.jpg,sheath_blight,excluded,white_background,Shath Blight,class_not_in_locked_kaggle_taxonomy
E:/GitHub/Personal/krishidoc_ml/datasets/Dhan-Shomadhan/White Background/Shath Blight/sb_wb_155.jpg,sheath_blight,excluded,white_background,Shath Blight,class_not_in_locked_kaggle_taxonomy
E:/GitHub/Personal/krishidoc_ml/datasets/Dhan-Shomadhan/White Background/Shath Blight/sb_wb_156.jpg,sheath_blight,excluded,white_background,Shath Blight,class_not_in_locked_kaggle_taxonomy
E:/GitHub/Personal/krishidoc_ml/datasets/Dhan-Shomadhan/White Background/Shath Blight/sb_wb_157.jpg,sheath_blight,excluded,white_background,Shath Blight,class_not_in_locked_kaggle_taxonomy
E:/GitHub/Personal/krishidoc_ml/datasets/Dhan-Shomadhan/White Background/Shath Blight/sb_wb_158.jpg,sheath_blight,excluded,white_background,Shath Blight,class_not_in_locked_kaggle_taxonomy
E:/GitHub/Personal/krishidoc_ml/datasets/Dhan-Shomadhan/White Background/Shath Blight/sb_wb_159.jpg,sheath_blight,excluded,white_background,Shath Blight,class_not_in_locked_kaggle_taxonomy
E:/GitHub/Personal/krishidoc_ml/datasets/Dhan-Shomadhan/White Background/Shath Blight/sb_wb_16.jpg,sheath_blight,excluded,white_background,Shath Blight,class_not_in_locked_kaggle_taxonomy
E:/GitHub/Personal/krishidoc_ml/datasets/Dhan-Shomadhan/White Background/Shath Blight/sb_wb_160.jpg,sheath_blight,excluded,white_background,Shath Blight,class_not_in_locked_kaggle_taxonomy
E:/GitHub/Personal/krishidoc_ml/datasets/Dhan-Shomadhan/White Background/Shath Blight/sb_wb_161.jpg,sheath_blight,excluded,white_background,Shath Blight,class_not_in_locked_kaggle_taxonomy
E:/GitHub/Personal/krishidoc_ml/datasets/Dhan-Shomadhan/White Background/Shath Blight/sb_wb_162.jpg,sheath_blight,excluded,white_background,Shath Blight,class_not_in_locked_kaggle_taxonomy
E:/GitHub/Personal/krishidoc_ml/datasets/Dhan-Shomadhan/White Background/Shath Blight/sb_wb_163.jpg,sheath_blight,excluded,white_background,Shath Blight,class_not_in_locked_kaggle_taxonomy
E:/GitHub/Personal/krishidoc_ml/datasets/Dhan-Shomadhan/White Background/Shath Blight/sb_wb_164.jpg,sheath_blight,excluded,white_background,Shath Blight,class_not_in_locked_kaggle_taxonomy
E:/GitHub/Personal/krishidoc_ml/datasets/Dhan-Shomadhan/White Background/Shath Blight/sb_wb_165.jpg,sheath_blight,excluded,white_background,Shath Blight,class_not_in_locked_kaggle_taxonomy
E:/GitHub/Personal/krishidoc_ml/datasets/Dhan-Shomadhan/White Background/Shath Blight/sb_wb_166.jpg,sheath_blight,excluded,white_background,Shath Blight,class_not_in_locked_kaggle_taxonomy
E:/GitHub/Personal/krishidoc_ml/datasets/Dhan-Shomadhan/White Background/Shath Blight/sb_wb_167.jpg,sheath_blight,excluded,white_background,Shath Blight,class_not_in_locked_kaggle_taxonomy
E:/GitHub/Personal/krishidoc_ml/datasets/Dhan-Shomadhan/White Background/Shath Blight/sb_wb_168.jpg,sheath_blight,excluded,white_background,Shath Blight,class_not_in_locked_kaggle_taxonomy
E:/GitHub/Personal/krishidoc_ml/datasets/Dhan-Shomadhan/White Background/Shath Blight/sb_wb_169.jpg,sheath_blight,excluded,white_background,Shath Blight,class_not_in_locked_kaggle_taxonomy
E:/GitHub/Personal/krishidoc_ml/datasets/Dhan-Shomadhan/White Background/Shath Blight/sb_wb_17.jpg,sheath_blight,excluded,white_background,Shath Blight,class_not_in_locked_kaggle_taxonomy
E:/GitHub/Personal/krishidoc_ml/datasets/Dhan-Shomadhan/White Background/Shath Blight/sb_wb_170.jpg,sheath_blight,excluded,white_background,Shath Blight,class_not_in_locked_kaggle_taxonomy
E:/GitHub/Personal/krishidoc_ml/datasets/Dhan-Shomadhan/White Background/Shath Blight/sb_wb_171.jpg,sheath_blight,excluded,white_background,Shath Blight,class_not_in_locked_kaggle_taxonomy
E:/GitHub/Personal/krishidoc_ml/datasets/Dhan-Shomadhan/White Background/Shath Blight/sb_wb_172.jpg,sheath_blight,excluded,white_background,Shath Blight,class_not_in_locked_kaggle_taxonomy
E:/GitHub/Personal/krishidoc_ml/datasets/Dhan-Shomadhan/White Background/Shath Blight/sb_wb_173.jpg,sheath_blight,excluded,white_background,Shath Blight,class_not_in_locked_kaggle_taxonomy
E:/GitHub/Personal/krishidoc_ml/datasets/Dhan-Shomadhan/White Background/Shath Blight/sb_wb_174.jpg,sheath_blight,excluded,white_background,Shath Blight,class_not_in_locked_kaggle_taxonomy
E:/GitHub/Personal/krishidoc_ml/datasets/Dhan-Shomadhan/White Background/Shath Blight/sb_wb_175.jpg,sheath_blight,excluded,white_background,Shath Blight,class_not_in_locked_kaggle_taxonomy
E:/GitHub/Personal/krishidoc_ml/datasets/Dhan-Shomadhan/White Background/Shath Blight/sb_wb_176.jpg,sheath_blight,excluded,white_background,Shath Blight,class_not_in_locked_kaggle_taxonomy
E:/GitHub/Personal/krishidoc_ml/datasets/Dhan-Shomadhan/White Background/Shath Blight/sb_wb_177.jpg,sheath_blight,excluded,white_background,Shath Blight,class_not_in_locked_kaggle_taxonomy
E:/GitHub/Personal/krishidoc_ml/datasets/Dhan-Shomadhan/White Background/Shath Blight/sb_wb_178.jpg,sheath_blight,excluded,white_background,Shath Blight,class_not_in_locked_kaggle_taxonomy
E:/GitHub/Personal/krishidoc_ml/datasets/Dhan-Shomadhan/White Background/Shath Blight/sb_wb_179.jpg,sheath_blight,excluded,white_background,Shath Blight,class_not_in_locked_kaggle_taxonomy
E:/GitHub/Personal/krishidoc_ml/datasets/Dhan-Shomadhan/White Background/Shath Blight/sb_wb_18.jpg,sheath_blight,excluded,white_background,Shath Blight,class_not_in_locked_kaggle_taxonomy
E:/GitHub/Personal/krishidoc_ml/datasets/Dhan-Shomadhan/White Background/Shath Blight/sb_wb_180.jpg,sheath_blight,excluded,white_background,Shath Blight,class_not_in_locked_kaggle_taxonomy
E:/GitHub/Personal/krishidoc_ml/datasets/Dhan-Shomadhan/White Background/Shath Blight/sb_wb_181.jpg,sheath_blight,excluded,white_background,Shath Blight,class_not_in_locked_kaggle_taxonomy
E:/GitHub/Personal/krishidoc_ml/datasets/Dhan-Shomadhan/White Background/Shath Blight/sb_wb_182.jpg,sheath_blight,excluded,white_background,Shath Blight,class_not_in_locked_kaggle_taxonomy
E:/GitHub/Personal/krishidoc_ml/datasets/Dhan-Shomadhan/White Background/Shath Blight/sb_wb_183.jpg,sheath_blight,excluded,white_background,Shath Blight,class_not_in_locked_kaggle_taxonomy
E:/GitHub/Personal/krishidoc_ml/datasets/Dhan-Shomadhan/White Background/Shath Blight/sb_wb_184.jpg,sheath_blight,excluded,white_background,Shath Blight,class_not_in_locked_kaggle_taxonomy
E:/GitHub/Personal/krishidoc_ml/datasets/Dhan-Shomadhan/White Background/Shath Blight/sb_wb_185.jpg,sheath_blight,excluded,white_background,Shath Blight,class_not_in_locked_kaggle_taxonomy
E:/GitHub/Personal/krishidoc_ml/datasets/Dhan-Shomadhan/White Background/Shath Blight/sb_wb_186.jpg,sheath_blight,excluded,white_background,Shath Blight,class_not_in_locked_kaggle_taxonomy
E:/GitHub/Personal/krishidoc_ml/datasets/Dhan-Shomadhan/White Background/Shath Blight/sb_wb_187.jpg,sheath_blight,excluded,white_background,Shath Blight,class_not_in_locked_kaggle_taxonomy
E:/GitHub/Personal/krishidoc_ml/datasets/Dhan-Shomadhan/White Background/Shath Blight/sb_wb_188.jpg,sheath_blight,excluded,white_background,Shath Blight,class_not_in_locked_kaggle_taxonomy
E:/GitHub/Personal/krishidoc_ml/datasets/Dhan-Shomadhan/White Background/Shath Blight/sb_wb_189.jpg,sheath_blight,excluded,white_background,Shath Blight,class_not_in_locked_kaggle_taxonomy
E:/GitHub/Personal/krishidoc_ml/datasets/Dhan-Shomadhan/White Background/Shath Blight/sb_wb_19.jpg,sheath_blight,excluded,white_background,Shath Blight,class_not_in_locked_kaggle_taxonomy
E:/GitHub/Personal/krishidoc_ml/datasets/Dhan-Shomadhan/White Background/Shath Blight/sb_wb_190.jpg,sheath_blight,excluded,white_background,Shath Blight,class_not_in_locked_kaggle_taxonomy
E:/GitHub/Personal/krishidoc_ml/datasets/Dhan-Shomadhan/White Background/Shath Blight/sb_wb_191.jpg,sheath_blight,excluded,white_background,Shath Blight,class_not_in_locked_kaggle_taxonomy
E:/GitHub/Personal/krishidoc_ml/datasets/Dhan-Shomadhan/White Background/Shath Blight/sb_wb_192.jpg,sheath_blight,excluded,white_background,Shath Blight,class_not_in_locked_kaggle_taxonomy
E:/GitHub/Personal/krishidoc_ml/datasets/Dhan-Shomadhan/White Background/Shath Blight/sb_wb_193.jpg,sheath_blight,excluded,white_background,Shath Blight,class_not_in_locked_kaggle_taxonomy
E:/GitHub/Personal/krishidoc_ml/datasets/Dhan-Shomadhan/White Background/Shath Blight/sb_wb_194.jpg,sheath_blight,excluded,white_background,Shath Blight,class_not_in_locked_kaggle_taxonomy
E:/GitHub/Personal/krishidoc_ml/datasets/Dhan-Shomadhan/White Background/Shath Blight/sb_wb_195.jpg,sheath_blight,excluded,white_background,Shath Blight,class_not_in_locked_kaggle_taxonomy
E:/GitHub/Personal/krishidoc_ml/datasets/Dhan-Shomadhan/White Background/Shath Blight/sb_wb_196.jpg,sheath_blight,excluded,white_background,Shath Blight,class_not_in_locked_kaggle_taxonomy
E:/GitHub/Personal/krishidoc_ml/datasets/Dhan-Shomadhan/White Background/Shath Blight/sb_wb_197.jpg,sheath_blight,excluded,white_background,Shath Blight,class_not_in_locked_kaggle_taxonomy
E:/GitHub/Personal/krishidoc_ml/datasets/Dhan-Shomadhan/White Background/Shath Blight/sb_wb_198.jpg,sheath_blight,excluded,white_background,Shath Blight,class_not_in_locked_kaggle_taxonomy
E:/GitHub/Personal/krishidoc_ml/datasets/Dhan-Shomadhan/White Background/Shath Blight/sb_wb_199.jpg,sheath_blight,excluded,white_background,Shath Blight,class_not_in_locked_kaggle_taxonomy
E:/GitHub/Personal/krishidoc_ml/datasets/Dhan-Shomadhan/White Background/Shath Blight/sb_wb_2.jpg,sheath_blight,excluded,white_background,Shath Blight,class_not_in_locked_kaggle_taxonomy
E:/GitHub/Personal/krishidoc_ml/datasets/Dhan-Shomadhan/White Background/Shath Blight/sb_wb_20.jpg,sheath_blight,excluded,white_background,Shath Blight,class_not_in_locked_kaggle_taxonomy
E:/GitHub/Personal/krishidoc_ml/datasets/Dhan-Shomadhan/White Background/Shath Blight/sb_wb_200.jpg,sheath_blight,excluded,white_background,Shath Blight,class_not_in_locked_kaggle_taxonomy
E:/GitHub/Personal/krishidoc_ml/datasets/Dhan-Shomadhan/White Background/Shath Blight/sb_wb_201.jpg,sheath_blight,excluded,white_background,Shath Blight,class_not_in_locked_kaggle_taxonomy
E:/GitHub/Personal/krishidoc_ml/datasets/Dhan-Shomadhan/White Background/Shath Blight/sb_wb_202.jpg,sheath_blight,excluded,white_background,Shath Blight,class_not_in_locked_kaggle_taxonomy
E:/GitHub/Personal/krishidoc_ml/datasets/Dhan-Shomadhan/White Background/Shath Blight/sb_wb_203.jpg,sheath_blight,excluded,white_background,Shath Blight,class_not_in_locked_kaggle_taxonomy
E:/GitHub/Personal/krishidoc_ml/datasets/Dhan-Shomadhan/White Background/Shath Blight/sb_wb_204.jpg,sheath_blight,excluded,white_background,Shath Blight,class_not_in_locked_kaggle_taxonomy
E:/GitHub/Personal/krishidoc_ml/datasets/Dhan-Shomadhan/White Background/Shath Blight/sb_wb_205.jpg,sheath_blight,excluded,white_background,Shath Blight,class_not_in_locked_kaggle_taxonomy
E:/GitHub/Personal/krishidoc_ml/datasets/Dhan-Shomadhan/White Background/Shath Blight/sb_wb_206.jpg,sheath_blight,excluded,white_background,Shath Blight,class_not_in_locked_kaggle_taxonomy
E:/GitHub/Personal/krishidoc_ml/datasets/Dhan-Shomadhan/White Background/Shath Blight/sb_wb_207.jpg,sheath_blight,excluded,white_background,Shath Blight,class_not_in_locked_kaggle_taxonomy
E:/GitHub/Personal/krishidoc_ml/datasets/Dhan-Shomadhan/White Background/Shath Blight/sb_wb_208.jpg,sheath_blight,excluded,white_background,Shath Blight,class_not_in_locked_kaggle_taxonomy
E:/GitHub/Personal/krishidoc_ml/datasets/Dhan-Shomadhan/White Background/Shath Blight/sb_wb_209.jpg,sheath_blight,excluded,white_background,Shath Blight,class_not_in_locked_kaggle_taxonomy
E:/GitHub/Personal/krishidoc_ml/datasets/Dhan-Shomadhan/White Background/Shath Blight/sb_wb_21.jpg,sheath_blight,excluded,white_background,Shath Blight,class_not_in_locked_kaggle_taxonomy
E:/GitHub/Personal/krishidoc_ml/datasets/Dhan-Shomadhan/White Background/Shath Blight/sb_wb_210.jpg,sheath_blight,excluded,white_background,Shath Blight,class_not_in_locked_kaggle_taxonomy
E:/GitHub/Personal/krishidoc_ml/datasets/Dhan-Shomadhan/White Background/Shath Blight/sb_wb_211.jpg,sheath_blight,excluded,white_background,Shath Blight,class_not_in_locked_kaggle_taxonomy
E:/GitHub/Personal/krishidoc_ml/datasets/Dhan-Shomadhan/White Background/Shath Blight/sb_wb_212.jpg,sheath_blight,excluded,white_background,Shath Blight,class_not_in_locked_kaggle_taxonomy
E:/GitHub/Personal/krishidoc_ml/datasets/Dhan-Shomadhan/White Background/Shath Blight/sb_wb_213.jpg,sheath_blight,excluded,white_background,Shath Blight,class_not_in_locked_kaggle_taxonomy
E:/GitHub/Personal/krishidoc_ml/datasets/Dhan-Shomadhan/White Background/Shath Blight/sb_wb_214.jpg,sheath_blight,excluded,white_background,Shath Blight,class_not_in_locked_kaggle_taxonomy
E:/GitHub/Personal/krishidoc_ml/datasets/Dhan-Shomadhan/White Background/Shath Blight/sb_wb_215.jpg,sheath_blight,excluded,white_background,Shath Blight,class_not_in_locked_kaggle_taxonomy
E:/GitHub/Personal/krishidoc_ml/datasets/Dhan-Shomadhan/White Background/Shath Blight/sb_wb_216.jpg,sheath_blight,excluded,white_background,Shath Blight,class_not_in_locked_kaggle_taxonomy
E:/GitHub/Personal/krishidoc_ml/datasets/Dhan-Shomadhan/White Background/Shath Blight/sb_wb_217.jpg,sheath_blight,excluded,white_background,Shath Blight,class_not_in_locked_kaggle_taxonomy
E:/GitHub/Personal/krishidoc_ml/datasets/Dhan-Shomadhan/White Background/Shath Blight/sb_wb_218.jpg,sheath_blight,excluded,white_background,Shath Blight,class_not_in_locked_kaggle_taxonomy
E:/GitHub/Personal/krishidoc_ml/datasets/Dhan-Shomadhan/White Background/Shath Blight/sb_wb_22.jpg,sheath_blight,excluded,white_background,Shath Blight,class_not_in_locked_kaggle_taxonomy
E:/GitHub/Personal/krishidoc_ml/datasets/Dhan-Shomadhan/White Background/Shath Blight/sb_wb_23.jpg,sheath_blight,excluded,white_background,Shath Blight,class_not_in_locked_kaggle_taxonomy
E:/GitHub/Personal/krishidoc_ml/datasets/Dhan-Shomadhan/White Background/Shath Blight/sb_wb_24.jpg,sheath_blight,excluded,white_background,Shath Blight,class_not_in_locked_kaggle_taxonomy
E:/GitHub/Personal/krishidoc_ml/datasets/Dhan-Shomadhan/White Background/Shath Blight/sb_wb_25.jpg,sheath_blight,excluded,white_background,Shath Blight,class_not_in_locked_kaggle_taxonomy
E:/GitHub/Personal/krishidoc_ml/datasets/Dhan-Shomadhan/White Background/Shath Blight/sb_wb_26.jpg,sheath_blight,excluded,white_background,Shath Blight,class_not_in_locked_kaggle_taxonomy
E:/GitHub/Personal/krishidoc_ml/datasets/Dhan-Shomadhan/White Background/Shath Blight/sb_wb_27.jpg,sheath_blight,excluded,white_background,Shath Blight,class_not_in_locked_kaggle_taxonomy
E:/GitHub/Personal/krishidoc_ml/datasets/Dhan-Shomadhan/White Background/Shath Blight/sb_wb_28.jpg,sheath_blight,excluded,white_background,Shath Blight,class_not_in_locked_kaggle_taxonomy
E:/GitHub/Personal/krishidoc_ml/datasets/Dhan-Shomadhan/White Background/Shath Blight/sb_wb_29.jpg,sheath_blight,excluded,white_background,Shath Blight,class_not_in_locked_kaggle_taxonomy
E:/GitHub/Personal/krishidoc_ml/datasets/Dhan-Shomadhan/White Background/Shath Blight/sb_wb_3.jpg,sheath_blight,excluded,white_background,Shath Blight,class_not_in_locked_kaggle_taxonomy
E:/GitHub/Personal/krishidoc_ml/datasets/Dhan-Shomadhan/White Background/Shath Blight/sb_wb_30.jpg,sheath_blight,excluded,white_background,Shath Blight,class_not_in_locked_kaggle_taxonomy
E:/GitHub/Personal/krishidoc_ml/datasets/Dhan-Shomadhan/White Background/Shath Blight/sb_wb_31.jpg,sheath_blight,excluded,white_background,Shath Blight,class_not_in_locked_kaggle_taxonomy
E:/GitHub/Personal/krishidoc_ml/datasets/Dhan-Shomadhan/White Background/Shath Blight/sb_wb_32.jpg,sheath_blight,excluded,white_background,Shath Blight,class_not_in_locked_kaggle_taxonomy
E:/GitHub/Personal/krishidoc_ml/datasets/Dhan-Shomadhan/White Background/Shath Blight/sb_wb_33.jpg,sheath_blight,excluded,white_background,Shath Blight,class_not_in_locked_kaggle_taxonomy
E:/GitHub/Personal/krishidoc_ml/datasets/Dhan-Shomadhan/White Background/Shath Blight/sb_wb_34.jpg,sheath_blight,excluded,white_background,Shath Blight,class_not_in_locked_kaggle_taxonomy
E:/GitHub/Personal/krishidoc_ml/datasets/Dhan-Shomadhan/White Background/Shath Blight/sb_wb_35.jpg,sheath_blight,excluded,white_background,Shath Blight,class_not_in_locked_kaggle_taxonomy
E:/GitHub/Personal/krishidoc_ml/datasets/Dhan-Shomadhan/White Background/Shath Blight/sb_wb_36.jpg,sheath_blight,excluded,white_background,Shath Blight,class_not_in_locked_kaggle_taxonomy
E:/GitHub/Personal/krishidoc_ml/datasets/Dhan-Shomadhan/White Background/Shath Blight/sb_wb_37.jpg,sheath_blight,excluded,white_background,Shath Blight,class_not_in_locked_kaggle_taxonomy
E:/GitHub/Personal/krishidoc_ml/datasets/Dhan-Shomadhan/White Background/Shath Blight/sb_wb_38.jpg,sheath_blight,excluded,white_background,Shath Blight,class_not_in_locked_kaggle_taxonomy
E:/GitHub/Personal/krishidoc_ml/datasets/Dhan-Shomadhan/White Background/Shath Blight/sb_wb_39.jpg,sheath_blight,excluded,white_background,Shath Blight,class_not_in_locked_kaggle_taxonomy
E:/GitHub/Personal/krishidoc_ml/datasets/Dhan-Shomadhan/White Background/Shath Blight/sb_wb_4.jpg,sheath_blight,excluded,white_background,Shath Blight,class_not_in_locked_kaggle_taxonomy
E:/GitHub/Personal/krishidoc_ml/datasets/Dhan-Shomadhan/White Background/Shath Blight/sb_wb_40.jpg,sheath_blight,excluded,white_background,Shath Blight,class_not_in_locked_kaggle_taxonomy
E:/GitHub/Personal/krishidoc_ml/datasets/Dhan-Shomadhan/White Background/Shath Blight/sb_wb_41.jpg,sheath_blight,excluded,white_background,Shath Blight,class_not_in_locked_kaggle_taxonomy
E:/GitHub/Personal/krishidoc_ml/datasets/Dhan-Shomadhan/White Background/Shath Blight/sb_wb_42.jpg,sheath_blight,excluded,white_background,Shath Blight,class_not_in_locked_kaggle_taxonomy
E:/GitHub/Personal/krishidoc_ml/datasets/Dhan-Shomadhan/White Background/Shath Blight/sb_wb_43.jpg,sheath_blight,excluded,white_background,Shath Blight,class_not_in_locked_kaggle_taxonomy
E:/GitHub/Personal/krishidoc_ml/datasets/Dhan-Shomadhan/White Background/Shath Blight/sb_wb_44.jpg,sheath_blight,excluded,white_background,Shath Blight,class_not_in_locked_kaggle_taxonomy
E:/GitHub/Personal/krishidoc_ml/datasets/Dhan-Shomadhan/White Background/Shath Blight/sb_wb_45.jpg,sheath_blight,excluded,white_background,Shath Blight,class_not_in_locked_kaggle_taxonomy
E:/GitHub/Personal/krishidoc_ml/datasets/Dhan-Shomadhan/White Background/Shath Blight/sb_wb_46.jpg,sheath_blight,excluded,white_background,Shath Blight,class_not_in_locked_kaggle_taxonomy
E:/GitHub/Personal/krishidoc_ml/datasets/Dhan-Shomadhan/White Background/Shath Blight/sb_wb_47.jpg,sheath_blight,excluded,white_background,Shath Blight,class_not_in_locked_kaggle_taxonomy
E:/GitHub/Personal/krishidoc_ml/datasets/Dhan-Shomadhan/White Background/Shath Blight/sb_wb_48.jpg,sheath_blight,excluded,white_background,Shath Blight,class_not_in_locked_kaggle_taxonomy
E:/GitHub/Personal/krishidoc_ml/datasets/Dhan-Shomadhan/White Background/Shath Blight/sb_wb_49.jpg,sheath_blight,excluded,white_background,Shath Blight,class_not_in_locked_kaggle_taxonomy
E:/GitHub/Personal/krishidoc_ml/datasets/Dhan-Shomadhan/White Background/Shath Blight/sb_wb_5.jpg,sheath_blight,excluded,white_background,Shath Blight,class_not_in_locked_kaggle_taxonomy
E:/GitHub/Personal/krishidoc_ml/datasets/Dhan-Shomadhan/White Background/Shath Blight/sb_wb_50.jpg,sheath_blight,excluded,white_background,Shath Blight,class_not_in_locked_kaggle_taxonomy
E:/GitHub/Personal/krishidoc_ml/datasets/Dhan-Shomadhan/White Background/Shath Blight/sb_wb_51.jpg,sheath_blight,excluded,white_background,Shath Blight,class_not_in_locked_kaggle_taxonomy
E:/GitHub/Personal/krishidoc_ml/datasets/Dhan-Shomadhan/White Background/Shath Blight/sb_wb_52.jpg,sheath_blight,excluded,white_background,Shath Blight,class_not_in_locked_kaggle_taxonomy
E:/GitHub/Personal/krishidoc_ml/datasets/Dhan-Shomadhan/White Background/Shath Blight/sb_wb_53.jpg,sheath_blight,excluded,white_background,Shath Blight,class_not_in_locked_kaggle_taxonomy
E:/GitHub/Personal/krishidoc_ml/datasets/Dhan-Shomadhan/White Background/Shath Blight/sb_wb_54.jpg,sheath_blight,excluded,white_background,Shath Blight,class_not_in_locked_kaggle_taxonomy
E:/GitHub/Personal/krishidoc_ml/datasets/Dhan-Shomadhan/White Background/Shath Blight/sb_wb_55.jpg,sheath_blight,excluded,white_background,Shath Blight,class_not_in_locked_kaggle_taxonomy
E:/GitHub/Personal/krishidoc_ml/datasets/Dhan-Shomadhan/White Background/Shath Blight/sb_wb_56.jpg,sheath_blight,excluded,white_background,Shath Blight,class_not_in_locked_kaggle_taxonomy
E:/GitHub/Personal/krishidoc_ml/datasets/Dhan-Shomadhan/White Background/Shath Blight/sb_wb_57.jpg,sheath_blight,excluded,white_background,Shath Blight,class_not_in_locked_kaggle_taxonomy
E:/GitHub/Personal/krishidoc_ml/datasets/Dhan-Shomadhan/White Background/Shath Blight/sb_wb_58.jpg,sheath_blight,excluded,white_background,Shath Blight,class_not_in_locked_kaggle_taxonomy
E:/GitHub/Personal/krishidoc_ml/datasets/Dhan-Shomadhan/White Background/Shath Blight/sb_wb_59.jpg,sheath_blight,excluded,white_background,Shath Blight,class_not_in_locked_kaggle_taxonomy
E:/GitHub/Personal/krishidoc_ml/datasets/Dhan-Shomadhan/White Background/Shath Blight/sb_wb_6.jpg,sheath_blight,excluded,white_background,Shath Blight,class_not_in_locked_kaggle_taxonomy
E:/GitHub/Personal/krishidoc_ml/datasets/Dhan-Shomadhan/White Background/Shath Blight/sb_wb_60.jpg,sheath_blight,excluded,white_background,Shath Blight,class_not_in_locked_kaggle_taxonomy
E:/GitHub/Personal/krishidoc_ml/datasets/Dhan-Shomadhan/White Background/Shath Blight/sb_wb_61.jpg,sheath_blight,excluded,white_background,Shath Blight,class_not_in_locked_kaggle_taxonomy
E:/GitHub/Personal/krishidoc_ml/datasets/Dhan-Shomadhan/White Background/Shath Blight/sb_wb_62.jpg,sheath_blight,excluded,white_background,Shath Blight,class_not_in_locked_kaggle_taxonomy
E:/GitHub/Personal/krishidoc_ml/datasets/Dhan-Shomadhan/White Background/Shath Blight/sb_wb_63.jpg,sheath_blight,excluded,white_background,Shath Blight,class_not_in_locked_kaggle_taxonomy
E:/GitHub/Personal/krishidoc_ml/datasets/Dhan-Shomadhan/White Background/Shath Blight/sb_wb_64.jpg,sheath_blight,excluded,white_background,Shath Blight,class_not_in_locked_kaggle_taxonomy
E:/GitHub/Personal/krishidoc_ml/datasets/Dhan-Shomadhan/White Background/Shath Blight/sb_wb_65.jpg,sheath_blight,excluded,white_background,Shath Blight,class_not_in_locked_kaggle_taxonomy
E:/GitHub/Personal/krishidoc_ml/datasets/Dhan-Shomadhan/White Background/Shath Blight/sb_wb_66.jpg,sheath_blight,excluded,white_background,Shath Blight,class_not_in_locked_kaggle_taxonomy
E:/GitHub/Personal/krishidoc_ml/datasets/Dhan-Shomadhan/White Background/Shath Blight/sb_wb_67.jpg,sheath_blight,excluded,white_background,Shath Blight,class_not_in_locked_kaggle_taxonomy
E:/GitHub/Personal/krishidoc_ml/datasets/Dhan-Shomadhan/White Background/Shath Blight/sb_wb_68.jpg,sheath_blight,excluded,white_background,Shath Blight,class_not_in_locked_kaggle_taxonomy
E:/GitHub/Personal/krishidoc_ml/datasets/Dhan-Shomadhan/White Background/Shath Blight/sb_wb_69.jpg,sheath_blight,excluded,white_background,Shath Blight,class_not_in_locked_kaggle_taxonomy
E:/GitHub/Personal/krishidoc_ml/datasets/Dhan-Shomadhan/White Background/Shath Blight/sb_wb_7.jpg,sheath_blight,excluded,white_background,Shath Blight,class_not_in_locked_kaggle_taxonomy
E:/GitHub/Personal/krishidoc_ml/datasets/Dhan-Shomadhan/White Background/Shath Blight/sb_wb_70.jpg,sheath_blight,excluded,white_background,Shath Blight,class_not_in_locked_kaggle_taxonomy
E:/GitHub/Personal/krishidoc_ml/datasets/Dhan-Shomadhan/White Background/Shath Blight/sb_wb_71.jpg,sheath_blight,excluded,white_background,Shath Blight,class_not_in_locked_kaggle_taxonomy
E:/GitHub/Personal/krishidoc_ml/datasets/Dhan-Shomadhan/White Background/Shath Blight/sb_wb_72.jpg,sheath_blight,excluded,white_background,Shath Blight,class_not_in_locked_kaggle_taxonomy
E:/GitHub/Personal/krishidoc_ml/datasets/Dhan-Shomadhan/White Background/Shath Blight/sb_wb_73.jpg,sheath_blight,excluded,white_background,Shath Blight,class_not_in_locked_kaggle_taxonomy
E:/GitHub/Personal/krishidoc_ml/datasets/Dhan-Shomadhan/White Background/Shath Blight/sb_wb_74.jpg,sheath_blight,excluded,white_background,Shath Blight,class_not_in_locked_kaggle_taxonomy
E:/GitHub/Personal/krishidoc_ml/datasets/Dhan-Shomadhan/White Background/Shath Blight/sb_wb_75.jpg,sheath_blight,excluded,white_background,Shath Blight,class_not_in_locked_kaggle_taxonomy
E:/GitHub/Personal/krishidoc_ml/datasets/Dhan-Shomadhan/White Background/Shath Blight/sb_wb_76.jpg,sheath_blight,excluded,white_background,Shath Blight,class_not_in_locked_kaggle_taxonomy
E:/GitHub/Personal/krishidoc_ml/datasets/Dhan-Shomadhan/White Background/Shath Blight/sb_wb_77.jpg,sheath_blight,excluded,white_background,Shath Blight,class_not_in_locked_kaggle_taxonomy
E:/GitHub/Personal/krishidoc_ml/datasets/Dhan-Shomadhan/White Background/Shath Blight/sb_wb_78.jpg,sheath_blight,excluded,white_background,Shath Blight,class_not_in_locked_kaggle_taxonomy
E:/GitHub/Personal/krishidoc_ml/datasets/Dhan-Shomadhan/White Background/Shath Blight/sb_wb_79.jpg,sheath_blight,excluded,white_background,Shath Blight,class_not_in_locked_kaggle_taxonomy
E:/GitHub/Personal/krishidoc_ml/datasets/Dhan-Shomadhan/White Background/Shath Blight/sb_wb_8.jpg,sheath_blight,excluded,white_background,Shath Blight,class_not_in_locked_kaggle_taxonomy
E:/GitHub/Personal/krishidoc_ml/datasets/Dhan-Shomadhan/White Background/Shath Blight/sb_wb_80.jpg,sheath_blight,excluded,white_background,Shath Blight,class_not_in_locked_kaggle_taxonomy
E:/GitHub/Personal/krishidoc_ml/datasets/Dhan-Shomadhan/White Background/Shath Blight/sb_wb_81.jpg,sheath_blight,excluded,white_background,Shath Blight,class_not_in_locked_kaggle_taxonomy
E:/GitHub/Personal/krishidoc_ml/datasets/Dhan-Shomadhan/White Background/Shath Blight/sb_wb_82.jpg,sheath_blight,excluded,white_background,Shath Blight,class_not_in_locked_kaggle_taxonomy
E:/GitHub/Personal/krishidoc_ml/datasets/Dhan-Shomadhan/White Background/Shath Blight/sb_wb_83.jpg,sheath_blight,excluded,white_background,Shath Blight,class_not_in_locked_kaggle_taxonomy
E:/GitHub/Personal/krishidoc_ml/datasets/Dhan-Shomadhan/White Background/Shath Blight/sb_wb_84.jpg,sheath_blight,excluded,white_background,Shath Blight,class_not_in_locked_kaggle_taxonomy
E:/GitHub/Personal/krishidoc_ml/datasets/Dhan-Shomadhan/White Background/Shath Blight/sb_wb_85.jpg,sheath_blight,excluded,white_background,Shath Blight,class_not_in_locked_kaggle_taxonomy
E:/GitHub/Personal/krishidoc_ml/datasets/Dhan-Shomadhan/White Background/Shath Blight/sb_wb_86.jpg,sheath_blight,excluded,white_background,Shath Blight,class_not_in_locked_kaggle_taxonomy
E:/GitHub/Personal/krishidoc_ml/datasets/Dhan-Shomadhan/White Background/Shath Blight/sb_wb_87.jpg,sheath_blight,excluded,white_background,Shath Blight,class_not_in_locked_kaggle_taxonomy
E:/GitHub/Personal/krishidoc_ml/datasets/Dhan-Shomadhan/White Background/Shath Blight/sb_wb_88.jpg,sheath_blight,excluded,white_background,Shath Blight,class_not_in_locked_kaggle_taxonomy
E:/GitHub/Personal/krishidoc_ml/datasets/Dhan-Shomadhan/White Background/Shath Blight/sb_wb_89.jpg,sheath_blight,excluded,white_background,Shath Blight,class_not_in_locked_kaggle_taxonomy
E:/GitHub/Personal/krishidoc_ml/datasets/Dhan-Shomadhan/White Background/Shath Blight/sb_wb_9.jpg,sheath_blight,excluded,white_background,Shath Blight,class_not_in_locked_kaggle_taxonomy
E:/GitHub/Personal/krishidoc_ml/datasets/Dhan-Shomadhan/White Background/Shath Blight/sb_wb_90.jpg,sheath_blight,excluded,white_background,Shath Blight,class_not_in_locked_kaggle_taxonomy
E:/GitHub/Personal/krishidoc_ml/datasets/Dhan-Shomadhan/White Background/Shath Blight/sb_wb_91.jpg,sheath_blight,excluded,white_background,Shath Blight,class_not_in_locked_kaggle_taxonomy
E:/GitHub/Personal/krishidoc_ml/datasets/Dhan-Shomadhan/White Background/Shath Blight/sb_wb_92.jpg,sheath_blight,excluded,white_background,Shath Blight,class_not_in_locked_kaggle_taxonomy
E:/GitHub/Personal/krishidoc_ml/datasets/Dhan-Shomadhan/White Background/Shath Blight/sb_wb_93.jpg,sheath_blight,excluded,white_background,Shath Blight,class_not_in_locked_kaggle_taxonomy
E:/GitHub/Personal/krishidoc_ml/datasets/Dhan-Shomadhan/White Background/Shath Blight/sb_wb_94.jpg,sheath_blight,excluded,white_background,Shath Blight,class_not_in_locked_kaggle_taxonomy
E:/GitHub/Personal/krishidoc_ml/datasets/Dhan-Shomadhan/White Background/Shath Blight/sb_wb_95.jpg,sheath_blight,excluded,white_background,Shath Blight,class_not_in_locked_kaggle_taxonomy
E:/GitHub/Personal/krishidoc_ml/datasets/Dhan-Shomadhan/White Background/Shath Blight/sb_wb_96.jpg,sheath_blight,excluded,white_background,Shath Blight,class_not_in_locked_kaggle_taxonomy
E:/GitHub/Personal/krishidoc_ml/datasets/Dhan-Shomadhan/White Background/Shath Blight/sb_wb_97.jpg,sheath_blight,excluded,white_background,Shath Blight,class_not_in_locked_kaggle_taxonomy
E:/GitHub/Personal/krishidoc_ml/datasets/Dhan-Shomadhan/White Background/Shath Blight/sb_wb_98.jpg,sheath_blight,excluded,white_background,Shath Blight,class_not_in_locked_kaggle_taxonomy
E:/GitHub/Personal/krishidoc_ml/datasets/Dhan-Shomadhan/White Background/Shath Blight/sb_wb_99.jpg,sheath_blight,excluded,white_background,Shath Blight,class_not_in_locked_kaggle_taxonomy
