filepath,class,original_split,group_id,reason
E:/GitHub/Personal/krishidoc_ml/datasets/paddy-disease-classification/train_images/bacterial_leaf_streak/104419.jpg,bacterial_leaf_streak,test,dup_0001,accepted duplicate component contains conflicting labels
E:/GitHub/Personal/krishidoc_ml/datasets/paddy-disease-classification/train_images/bacterial_leaf_streak/106492.jpg,bacterial_leaf_streak,val,dup_0001,accepted duplicate component contains conflicting labels
E:/GitHub/Personal/krishidoc_ml/datasets/paddy-disease-classification/train_images/brown_spot/103482.jpg,brown_spot,train,dup_0001,accepted duplicate component contains conflicting labels
E:/GitHub/Personal/krishidoc_ml/datasets/paddy-disease-classification/train_images/bacterial_leaf_streak/105403.jpg,bacterial_leaf_streak,train,dup_0004,accepted duplicate component contains conflicting labels
E:/GitHub/Personal/krishidoc_ml/datasets/paddy-disease-classification/train_images/downy_mildew/100655.jpg,downy_mildew,val,dup_0004,accepted duplicate component contains conflicting labels
E:/GitHub/Personal/krishidoc_ml/datasets/paddy-disease-classification/train_images/downy_mildew/101205.jpg,downy_mildew,train,dup_0004,accepted duplicate component contains conflicting labels
E:/GitHub/Personal/krishidoc_ml/datasets/paddy-disease-classification/train_images/downy_mildew/103933.jpg,downy_mildew,train,dup_0004,accepted duplicate component contains conflicting labels
E:/GitHub/Personal/krishidoc_ml/datasets/paddy-disease-classification/train_images/downy_mildew/104207.jpg,downy_mildew,train,dup_0004,accepted duplicate component contains conflicting labels
E:/GitHub/Personal/krishidoc_ml/datasets/paddy-disease-classification/train_images/downy_mildew/105400.jpg,downy_mildew,val,dup_0004,accepted duplicate component contains conflicting labels
E:/GitHub/Personal/krishidoc_ml/datasets/paddy-disease-classification/train_images/downy_mildew/105863.jpg,downy_mildew,train,dup_0004,accepted duplicate component contains conflicting labels
E:/GitHub/Personal/krishidoc_ml/datasets/paddy-disease-classification/train_images/downy_mildew/106120.jpg,downy_mildew,train,dup_0004,accepted duplicate component contains conflicting labels
E:/GitHub/Personal/krishidoc_ml/datasets/paddy-disease-classification/train_images/downy_mildew/106784.jpg,downy_mildew,train,dup_0004,accepted duplicate component contains conflicting labels
E:/GitHub/Personal/krishidoc_ml/datasets/paddy-disease-classification/train_images/downy_mildew/107563.jpg,downy_mildew,val,dup_0004,accepted duplicate component contains conflicting labels
E:/GitHub/Personal/krishidoc_ml/datasets/paddy-disease-classification/train_images/downy_mildew/109388.jpg,downy_mildew,test,dup_0004,accepted duplicate component contains conflicting labels
E:/GitHub/Personal/krishidoc_ml/datasets/paddy-disease-classification/train_images/bacterial_leaf_streak/100960.jpg,bacterial_leaf_streak,test,dup_0032,accepted duplicate component contains conflicting labels
E:/GitHub/Personal/krishidoc_ml/datasets/paddy-disease-classification/train_images/bacterial_leaf_streak/103981.jpg,bacterial_leaf_streak,test,dup_0032,accepted duplicate component contains conflicting labels
E:/GitHub/Personal/krishidoc_ml/datasets/paddy-disease-classification/train_images/bacterial_leaf_streak/108022.jpg,bacterial_leaf_streak,train,dup_0032,accepted duplicate component contains conflicting labels
E:/GitHub/Personal/krishidoc_ml/datasets/paddy-disease-classification/train_images/bacterial_leaf_streak/109678.jpg,bacterial_leaf_streak,train,dup_0032,accepted duplicate component contains conflicting labels
E:/GitHub/Personal/krishidoc_ml/datasets/paddy-disease-classification/train_images/brown_spot/103601.jpg,brown_spot,train,dup_0032,accepted duplicate component contains conflicting labels
E:/GitHub/Personal/krishidoc_ml/datasets/paddy-disease-classification/train_images/brown_spot/110091.jpg,brown_spot,train,dup_0032,accepted duplicate component contains conflicting labels
E:/GitHub/Personal/krishidoc_ml/datasets/paddy-disease-classification/train_images/blast/100484.jpg,blast,train,dup_0049,accepted duplicate component contains conflicting labels
E:/GitHub/Personal/krishidoc_ml/datasets/paddy-disease-classification/train_images/blast/103504.jpg,blast,train,dup_0049,accepted duplicate component contains conflicting labels
E:/GitHub/Personal/krishidoc_ml/datasets/paddy-disease-classification/train_images/blast/104352.jpg,blast,train,dup_0049,accepted duplicate component contains conflicting labels
E:/GitHub/Personal/krishidoc_ml/datasets/paddy-disease-classification/train_images/blast/105171.jpg,blast,train,dup_0049,accepted duplicate component contains conflicting labels
E:/GitHub/Personal/krishidoc_ml/datasets/paddy-disease-classification/train_images/blast/105721.jpg,blast,train,dup_0049,accepted duplicate component contains conflicting labels
E:/GitHub/Personal/krishidoc_ml/datasets/paddy-disease-classification/train_images/blast/108449.jpg,blast,train,dup_0049,accepted duplicate component contains conflicting labels
E:/GitHub/Personal/krishidoc_ml/datasets/paddy-disease-classification/train_images/downy_mildew/102283.jpg,downy_mildew,val,dup_0049,accepted duplicate component contains conflicting labels
E:/GitHub/Personal/krishidoc_ml/datasets/paddy-disease-classification/train_images/downy_mildew/102803.jpg,downy_mildew,val,dup_0049,accepted duplicate component contains conflicting labels
E:/GitHub/Personal/krishidoc_ml/datasets/paddy-disease-classification/train_images/downy_mildew/105439.jpg,downy_mildew,train,dup_0049,accepted duplicate component contains conflicting labels
E:/GitHub/Personal/krishidoc_ml/datasets/paddy-disease-classification/train_images/hispa/100437.jpg,hispa,train,dup_0058,accepted duplicate component contains conflicting labels
E:/GitHub/Personal/krishidoc_ml/datasets/paddy-disease-classification/train_images/hispa/100775.jpg,hispa,test,dup_0058,accepted duplicate component contains conflicting labels
E:/GitHub/Personal/krishidoc_ml/datasets/paddy-disease-classification/train_images/hispa/101253.jpg,hispa,val,dup_0058,accepted duplicate component contains conflicting labels
E:/GitHub/Personal/krishidoc_ml/datasets/paddy-disease-classification/train_images/hispa/102493.jpg,hispa,train,dup_0058,accepted duplicate component contains conflicting labels
E:/GitHub/Personal/krishidoc_ml/datasets/paddy-disease-classification/train_images/hispa/102899.jpg,hispa,test,dup_0058,accepted duplicate component contains conflicting labels
E:/GitHub/Personal/krishidoc_ml/datasets/paddy-disease-classification/train_images/hispa/106546.jpg,hispa,train,dup_0058,accepted duplicate component contains conflicting labels
E:/GitHub/Personal/krishidoc_ml/datasets/paddy-disease-classification/train_images/hispa/108979.jpg,hispa,train,dup_0058,accepted duplicate component contains conflicting labels
E:/GitHub/Personal/krishidoc_ml/datasets/paddy-disease-classification/train_images/hispa/109981.jpg,hispa,train,dup_0058,accepted duplicate component contains conflicting labels
E:/GitHub/Personal/krishidoc_ml/datasets/paddy-disease-classification/train_images/hispa/110316.jpg,hispa,test,dup_0058,accepted duplicate component contains conflicting labels
E:/GitHub/Personal/krishidoc_ml/datasets/paddy-disease-classification/train_images/hispa/110399.jpg,hispa,test,dup_0058,accepted duplicate component contains conflicting labels
E:/GitHub/Personal/krishidoc_ml/datasets/paddy-disease-classification/train_images/normal/108050.jpg,normal,train,dup_0058,accepted duplicate component contains conflicting labels
E:/GitHub/Personal/krishidoc_ml/datasets/paddy-disease-classification/train_images/normal/108065.jpg,normal,train,dup_0058,accepted duplicate component contains conflicting labels
E:/GitHub/Personal/krishidoc_ml/datasets/paddy-disease-classification/train_images/hispa/102209.jpg,hispa,train,dup_0128,accepted duplicate component contains conflicting labels
E:/GitHub/Personal/krishidoc_ml/datasets/paddy-disease-classification/train_images/normal/106035.jpg,normal,test,dup_0128,accepted duplicate component contains conflicting labels
E:/GitHub/Personal/krishidoc_ml/datasets/paddy-disease-classification/train_images/normal/106997.jpg,normal,train,dup_0128,accepted duplicate component contains conflicting labels
E:/GitHub/Personal/krishidoc_ml/datasets/paddy-disease-classification/train_images/hispa/104064.jpg,hispa,test,dup_0184,accepted duplicate component contains conflicting labels
E:/GitHub/Personal/krishidoc_ml/datasets/paddy-disease-classification/train_images/hispa/108004.jpg,hispa,train,dup_0184,accepted duplicate component contains conflicting labels
E:/GitHub/Personal/krishidoc_ml/datasets/paddy-disease-classification/train_images/tungro/110108.jpg,tungro,train,dup_0184,accepted duplicate component contains conflicting labels
E:/GitHub/Personal/krishidoc_ml/datasets/paddy-disease-classification/train_images/bacterial_leaf_streak/100299.jpg,bacterial_leaf_streak,train,dup_0339,accepted duplicate component contains conflicting labels
E:/GitHub/Personal/krishidoc_ml/datasets/paddy-disease-classification/train_images/bacterial_leaf_streak/107549.jpg,bacterial_leaf_streak,test,dup_0339,accepted duplicate component contains conflicting labels
E:/GitHub/Personal/krishidoc_ml/datasets/paddy-disease-classification/train_images/brown_spot/105385.jpg,brown_spot,train,dup_0339,accepted duplicate component contains conflicting labels
E:/GitHub/Personal/krishidoc_ml/datasets/paddy-disease-classification/train_images/brown_spot/105952.jpg,brown_spot,test,dup_0362,accepted duplicate component contains conflicting labels
E:/GitHub/Personal/krishidoc_ml/datasets/paddy-disease-classification/train_images/brown_spot/106248.jpg,brown_spot,train,dup_0362,accepted duplicate component contains conflicting labels
E:/GitHub/Personal/krishidoc_ml/datasets/paddy-disease-classification/train_images/downy_mildew/104285.jpg,downy_mildew,train,dup_0362,accepted duplicate component contains conflicting labels
E:/GitHub/Personal/krishidoc_ml/datasets/paddy-disease-classification/train_images/downy_mildew/109265.jpg,downy_mildew,val,dup_0362,accepted duplicate component contains conflicting labels
E:/GitHub/Personal/krishidoc_ml/datasets/paddy-disease-classification/train_images/blast/101791.jpg,blast,train,dup_0391,accepted duplicate component contains conflicting labels
E:/GitHub/Personal/krishidoc_ml/datasets/paddy-disease-classification/train_images/downy_mildew/106776.jpg,downy_mildew,val,dup_0391,accepted duplicate component contains conflicting labels
E:/GitHub/Personal/krishidoc_ml/datasets/paddy-disease-classification/train_images/blast/103586.jpg,blast,train,dup_0404,accepted duplicate component contains conflicting labels
E:/GitHub/Personal/krishidoc_ml/datasets/paddy-disease-classification/train_images/hispa/104795.jpg,hispa,test,dup_0404,accepted duplicate component contains conflicting labels
