class,variety,age,total,train,val,test,spans_multiple_splits
normal,ADT45,60,675,464,107,104,True
blast,KarnatakaPonni,75,493,357,69,67,True
dead_heart,ADT45,70,474,320,67,87,True
blast,ADT45,70,420,295,64,61,True
normal,ADT45,70,332,238,52,42,True
tungro,ADT45,70,329,224,55,50,True
tungro,ADT45,60,308,210,44,54,True
brown_spot,ADT45,70,287,201,42,44,True
hispa,AtchayaPonni,65,258,174,42,42,True
hispa,ADT45,70,253,169,36,48,True
normal,Ponni,60,238,163,32,43,True
hispa,ADT45,50,185,136,27,22,True
hispa,AndraPonni,65,181,143,17,21,True
normal,ADT45,50,181,127,24,30,True
bacterial_leaf_streak,Zonal,70,169,108,31,30,True
brown_spot,ADT45,72,160,105,25,30,True
brown_spot,ADT45,55,150,106,23,21,True
bacterial_leaf_blight,ADT45,72,148,101,24,23,True
dead_heart,ADT45,67,145,108,20,17,True
downy_mildew,ADT45,70,144,107,17,20,True
tungro,ADT45,72,137,99,23,15,True
dead_heart,ADT45,75,131,108,15,8,True
bacterial_panicle_blight,ADT45,70,122,89,12,21,True
downy_mildew,ADT45,60,119,85,18,16,True
bacterial_leaf_blight,ADT45,55,118,79,23,16,True
hispa,ADT45,60,118,81,18,19,True
blast,ADT45,50,114,71,14,29,True
dead_heart,KarnatakaPonni,75,113,76,17,20,True
blast,AndraPonni,45,112,78,22,12,True
downy_mildew,KarnatakaPonni,50,87,55,17,15,True
hispa,ADT45,68,86,49,17,20,True
normal,ADT45,67,86,71,7,8,True
dead_heart,Onthanel,50,84,58,12,14,True
dead_heart,ADT45,72,83,51,14,18,True
hispa,ADT45,45,83,56,17,10,True
dead_heart,IR20,70,82,62,9,11,True
hispa,Onthanel,70,81,60,12,9,True
tungro,ADT45,45,81,57,15,9,True
brown_spot,KarnatakaPonni,75,80,56,15,9,True
blast,Ponni,47,78,52,10,16,True
blast,ADT45,60,77,60,7,10,True
blast,Zonal,70,75,47,13,15,True
dead_heart,AndraPonni,65,70,52,13,5,True
bacterial_leaf_streak,Onthanel,50,69,58,8,3,True
hispa,AtchayaPonni,57,68,50,10,8,True
dead_heart,ADT45,80,66,47,15,4,True
bacterial_panicle_blight,Ponni,80,63,46,9,8,True
dead_heart,Ponni,80,63,41,10,12,True
hispa,Zonal,70,61,45,6,10,True
tungro,ADT45,67,61,50,4,7,True
blast,ADT45,45,60,38,10,12,True
blast,Ponni,55,58,37,13,8,True
brown_spot,ADT45,65,58,42,8,8,True
bacterial_leaf_streak,ADT45,60,56,43,8,5,True
downy_mildew,AtchayaPonni,45,55,34,9,12,True
normal,ADT45,57,55,37,10,8,True
bacterial_panicle_blight,ADT45,67,52,37,6,9,True
dead_heart,ADT45,65,52,32,9,11,True
normal,ADT45,65,49,37,8,4,True
brown_spot,ADT45,45,48,36,5,7,True
bacterial_leaf_blight,ADT45,50,47,35,5,7,True
downy_mildew,Zonal,55,47,32,7,8,True
brown_spot,ADT45,50,46,33,6,7,True
brown_spot,ADT45,68,43,33,3,7,True
blast,ADT45,55,42,26,8,8,True
blast,ADT45,67,42,31,5,6,True
blast,KarnatakaPonni,50,40,31,4,5,True
downy_mildew,Onthanel,70,40,27,7,6,True
normal,Ponni,55,40,27,7,6,True
hispa,ADT45,57,38,20,11,7,True
hispa,KarnatakaPonni,50,37,26,4,7,True
bacterial_panicle_blight,ADT45,75,35,24,10,1,True
bacterial_leaf_blight,Ponni,47,34,26,5,3,True
downy_mildew,KarnatakaPonni,70,34,29,4,1,True
tungro,ADT45,57,33,23,4,6,True
bacterial_panicle_blight,ADT45,68,32,18,8,6,True
tungro,ADT45,65,31,26,3,2,True
downy_mildew,ADT45,68,29,20,7,2,True
hispa,KarnatakaPonni,70,29,21,6,2,True
bacterial_leaf_blight,ADT45,65,28,20,4,4,True
hispa,ADT45,65,28,19,6,3,True
hispa,Ponni,60,28,19,5,4,True
hispa,ADT45,55,27,20,2,5,True
normal,ADT45,80,27,15,8,4,True
blast,AtchayaPonni,50,26,17,6,3,True
dead_heart,Onthanel,70,26,17,4,5,True
bacterial_leaf_blight,ADT45,60,23,16,3,4,True
bacterial_leaf_streak,KarnatakaPonni,50,22,20,1,1,True
blast,IR20,50,22,17,5,0,True
brown_spot,KarnatakaPonni,50,22,13,3,6,True
bacterial_leaf_streak,ADT45,55,21,12,3,6,True
bacterial_leaf_streak,ADT45,68,20,10,2,8,True
dead_heart,ADT45,73,20,16,3,1,True
downy_mildew,Surya,45,20,13,3,4,True
tungro,AtchayaPonni,50,20,14,1,5,True
tungro,Ponni,45,20,14,4,2,True
blast,ADT45,68,19,12,4,3,True
blast,Onthanel,50,19,17,0,2,True
tungro,AtchayaPonni,57,19,12,3,4,True
bacterial_leaf_blight,ADT45,68,18,14,1,3,True
brown_spot,ADT45,66,18,10,5,3,True
dead_heart,RR,70,18,12,4,2,True
downy_mildew,ADT45,66,18,16,1,1,True
normal,RR,70,18,13,2,3,True
bacterial_leaf_blight,ADT45,45,14,11,2,1,True
bacterial_panicle_blight,AndraPonni,65,14,10,3,1,True
brown_spot,ADT45,60,14,12,1,1,True
brown_spot,Ponni,67,14,12,2,0,True
downy_mildew,ADT45,55,14,7,2,5,True
hispa,AtchayaPonni,50,14,12,1,1,True
normal,ADT45,75,14,11,2,1,True
tungro,Onthanel,70,14,8,4,2,True
bacterial_leaf_blight,Zonal,70,13,8,2,3,True
bacterial_leaf_streak,KarnatakaPonni,70,13,8,3,2,True
normal,ADT45,72,13,6,3,4,True
tungro,Zonal,55,13,9,2,2,True
brown_spot,ADT45,67,11,7,3,1,True
hispa,ADT45,72,11,9,1,1,True
bacterial_leaf_blight,ADT45,70,10,6,2,2,True
bacterial_leaf_blight,IR20,50,10,6,0,4,True
bacterial_leaf_blight,KarnatakaPonni,50,10,9,0,1,True
bacterial_leaf_streak,ADT45,77,10,7,1,2,True
blast,ADT45,77,10,8,2,0,True
normal,ADT45,73,10,9,0,1,True
normal,ADT45,77,10,7,1,2,True
bacterial_panicle_blight,ADT45,73,8,6,1,1,True
bacterial_panicle_blight,ADT45,77,8,4,2,2,True
blast,Zonal,55,8,4,2,2,True
brown_spot,KarnatakaPonni,70,8,6,1,1,True
normal,Onthanel,70,8,4,1,3,True
tungro,Ponni,55,8,4,1,3,True
blast,Surya,45,7,5,1,1,True
dead_heart,Zonal,70,7,3,2,2,True
downy_mildew,ADT45,50,7,5,1,1,True
tungro,ADT45,55,7,6,0,1,True
blast,Onthanel,70,6,5,1,0,True
brown_spot,Zonal,55,6,3,3,0,True
downy_mildew,Ponni,68,6,4,0,2,True
blast,ADT45,62,5,4,1,0,True
normal,ADT45,82,5,4,0,1,True
bacterial_leaf_blight,Onthanel,70,4,4,0,0,False
blast,ADT45,65,4,3,0,1,True
dead_heart,ADT45,60,4,3,1,0,True
dead_heart,ADT45,77,4,3,1,0,True
hispa,ADT45,67,4,3,1,0,True
hispa,Ponni,55,4,4,0,0,False
tungro,ADT45,50,4,3,0,1,True
bacterial_panicle_blight,ADT45,80,3,2,0,1,True
normal,Ponni,80,3,2,0,1,True
tungro,Surya,45,3,3,0,0,False
bacterial_leaf_blight,Surya,45,2,0,1,1,True
blast,AtchayaPonni,65,1,1,0,0,False
