confidence,split_a,split_b,class_a,class_b,same_class,path_a,path_b,image_id_a,image_id_b,image_id_delta,width_a,height_a,width_b,height_b,same_file_sha256,same_decoded_pixels,phash_distance,dhash_distance,orb_good_matches,orb_homography_inliers,orb_inlier_ratio,geometric_support
possible_near_duplicate,train,val,blast,tungro,False,datasets/paddy-disease-classification/train_images/blast/101450.jpg,datasets/Dhan-Shomadhan/White Background/Rice Tungro/rt_wb_12.jpg,101450.jpg,rt_wb_12.jpg,101438,480,640,1952,4160,False,False,26,7,,,,not_scored
possible_near_duplicate,train,val,blast,blast,True,datasets/paddy-disease-classification/train_images/blast/101450.jpg,datasets/Dhan-Shomadhan/White Background/Rice Blast/rb_wb_49.jpg,101450.jpg,rb_wb_49.jpg,101401,480,640,1952,4160,False,False,28,6,,,,not_scored
possible_near_duplicate,train,val,blast,brown_spot,False,datasets/paddy-disease-classification/train_images/blast/101450.jpg,datasets/Dhan-Shomadhan/White Background/Brown Spot/bs_wb_37.jpg,101450.jpg,bs_wb_37.jpg,101413,480,640,1952,4160,False,False,28,7,,,,not_scored
possible_near_duplicate,train,val,blast,blast,True,datasets/paddy-disease-classification/train_images/blast/101450.jpg,datasets/Dhan-Shomadhan/White Background/Rice Blast/rb_wb_50.jpg,101450.jpg,rb_wb_50.jpg,101400,480,640,1952,4160,False,False,30,5,,,,not_scored
possible_near_duplicate,train,val,blast,brown_spot,False,datasets/paddy-disease-classification/train_images/blast/101450.jpg,datasets/Dhan-Shomadhan/White Background/Brown Spot/bs_wb_31.jpg,101450.jpg,bs_wb_31.jpg,101419,480,640,1952,4160,False,False,28,8,,,,not_scored
possible_near_duplicate,train,val,blast,tungro,False,datasets/paddy-disease-classification/train_images/blast/103622.jpg,datasets/Dhan-Shomadhan/White Background/Rice Tungro/rt_wb_12.jpg,103622.jpg,rt_wb_12.jpg,103610,480,640,1952,4160,False,False,28,8,,,,not_scored
possible_near_duplicate,train,val,blast,blast,True,datasets/paddy-disease-classification/train_images/blast/101450.jpg,datasets/Dhan-Shomadhan/White Background/Rice Blast/rb_wb_44.jpg,101450.jpg,rb_wb_44.jpg,101406,480,640,1952,4160,False,False,30,7,,,,not_scored
possible_near_duplicate,train,val,blast,blast,True,datasets/paddy-disease-classification/train_images/blast/101450.jpg,datasets/Dhan-Shomadhan/White Background/Rice Blast/rb_wb_51.jpg,101450.jpg,rb_wb_51.jpg,101399,480,640,1952,4160,False,False,30,7,,,,not_scored
possible_near_duplicate,train,val,blast,blast,True,datasets/paddy-disease-classification/train_images/blast/107099.jpg,datasets/Dhan-Shomadhan/White Background/Rice Blast/rb_wb_44.jpg,107099.jpg,rb_wb_44.jpg,107055,480,640,1952,4160,False,False,30,7,,,,not_scored
possible_near_duplicate,train,val,blast,tungro,False,datasets/paddy-disease-classification/train_images/blast/107099.jpg,datasets/Dhan-Shomadhan/White Background/Rice Tungro/rt_wb_12.jpg,107099.jpg,rt_wb_12.jpg,107087,480,640,1952,4160,False,False,30,7,,,,not_scored
possible_near_duplicate,train,val,blast,blast,True,datasets/paddy-disease-classification/train_images/blast/100012.jpg,datasets/Dhan-Shomadhan/White Background/Rice Blast/rb_wb_49.jpg,100012.jpg,rb_wb_49.jpg,99963,480,640,1952,4160,False,False,30,8,,,,not_scored
possible_near_duplicate,train,val,blast,brown_spot,False,datasets/paddy-disease-classification/train_images/blast/101450.jpg,datasets/Dhan-Shomadhan/White Background/Brown Spot/bs_wb_21.jpg,101450.jpg,bs_wb_21.jpg,101429,480,640,1952,4160,False,False,30,8,,,,not_scored
possible_near_duplicate,train,val,blast,tungro,False,datasets/paddy-disease-classification/train_images/blast/101450.jpg,datasets/Dhan-Shomadhan/White Background/Rice Tungro/rt_wb_29.jpg,101450.jpg,rt_wb_29.jpg,101421,480,640,1952,4160,False,False,30,8,,,,not_scored
possible_near_duplicate,train,val,blast,blast,True,datasets/paddy-disease-classification/train_images/blast/107099.jpg,datasets/Dhan-Shomadhan/White Background/Rice Blast/rb_wb_49.jpg,107099.jpg,rb_wb_49.jpg,107050,480,640,1952,4160,False,False,30,8,,,,not_scored
possible_near_duplicate,train,val,blast,blast,True,datasets/paddy-disease-classification/train_images/blast/100012.jpg,datasets/Dhan-Shomadhan/White Background/Rice Blast/rb_wb_50.jpg,100012.jpg,rb_wb_50.jpg,99962,480,640,1952,4160,False,False,32,7,,,,not_scored
possible_near_duplicate,train,val,blast,blast,True,datasets/paddy-disease-classification/train_images/blast/101080.jpg,datasets/Dhan-Shomadhan/White Background/Rice Blast/rb_wb_44.jpg,101080.jpg,rb_wb_44.jpg,101036,480,640,1952,4160,False,False,32,7,,,,not_scored
possible_near_duplicate,train,val,blast,brown_spot,False,datasets/paddy-disease-classification/train_images/blast/101450.jpg,datasets/Dhan-Shomadhan/White Background/Brown Spot/bs_wb_16.jpg,101450.jpg,bs_wb_16.jpg,101434,480,640,1952,4160,False,False,32,7,,,,not_scored
possible_near_duplicate,train,val,blast,brown_spot,False,datasets/paddy-disease-classification/train_images/blast/107099.jpg,datasets/Dhan-Shomadhan/White Background/Brown Spot/bs_wb_16.jpg,107099.jpg,bs_wb_16.jpg,107083,480,640,1952,4160,False,False,32,7,,,,not_scored
possible_near_duplicate,train,val,blast,brown_spot,False,datasets/paddy-disease-classification/train_images/blast/101213.jpg,datasets/Dhan-Shomadhan/White Background/Brown Spot/bs_wb_16.jpg,101213.jpg,bs_wb_16.jpg,101197,480,640,1952,4160,False,False,32,8,,,,not_scored
possible_near_duplicate,train,val,blast,blast,True,datasets/paddy-disease-classification/train_images/blast/101213.jpg,datasets/Dhan-Shomadhan/White Background/Rice Blast/rb_wb_44.jpg,101213.jpg,rb_wb_44.jpg,101169,480,640,1952,4160,False,False,32,8,,,,not_scored
possible_near_duplicate,train,val,blast,blast,True,datasets/paddy-disease-classification/train_images/blast/101213.jpg,datasets/Dhan-Shomadhan/White Background/Rice Blast/rb_wb_50.jpg,101213.jpg,rb_wb_50.jpg,101163,480,640,1952,4160,False,False,32,8,,,,not_scored
possible_near_duplicate,train,val,blast,tungro,False,datasets/paddy-disease-classification/train_images/blast/101213.jpg,datasets/Dhan-Shomadhan/White Background/Rice Tungro/rt_wb_12.jpg,101213.jpg,rt_wb_12.jpg,101201,480,640,1952,4160,False,False,32,8,,,,not_scored
possible_near_duplicate,train,val,blast,brown_spot,False,datasets/paddy-disease-classification/train_images/blast/103622.jpg,datasets/Dhan-Shomadhan/White Background/Brown Spot/bs_wb_16.jpg,103622.jpg,bs_wb_16.jpg,103606,480,640,1952,4160,False,False,32,8,,,,not_scored
possible_near_duplicate,train,val,blast,blast,True,datasets/paddy-disease-classification/train_images/blast/103622.jpg,datasets/Dhan-Shomadhan/White Background/Rice Blast/rb_wb_44.jpg,103622.jpg,rb_wb_44.jpg,103578,480,640,1952,4160,False,False,32,8,,,,not_scored
possible_near_duplicate,train,val,blast,blast,True,datasets/paddy-disease-classification/train_images/blast/103622.jpg,datasets/Dhan-Shomadhan/White Background/Rice Blast/rb_wb_50.jpg,103622.jpg,rb_wb_50.jpg,103572,480,640,1952,4160,False,False,32,8,,,,not_scored
possible_near_duplicate,train,val,blast,blast,True,datasets/paddy-disease-classification/train_images/blast/105196.jpg,datasets/Dhan-Shomadhan/White Background/Rice Blast/rb_wb_50.jpg,105196.jpg,rb_wb_50.jpg,105146,480,640,1952,4160,False,False,32,8,,,,not_scored
possible_near_duplicate,train,val,blast,brown_spot,False,datasets/paddy-disease-classification/train_images/blast/107099.jpg,datasets/Dhan-Shomadhan/White Background/Brown Spot/bs_wb_21.jpg,107099.jpg,bs_wb_21.jpg,107078,480,640,1952,4160,False,False,32,8,,,,not_scored
possible_near_duplicate,train,val,tungro,blast,False,datasets/paddy-disease-classification/train_images/tungro/102398.jpg,datasets/Dhan-Shomadhan/White Background/Rice Blast/rb_wb_145.jpg,102398.jpg,rb_wb_145.jpg,102253,480,640,1952,4160,False,False,32,8,,,,not_scored
possible_near_duplicate,train,val,blast,blast,True,datasets/paddy-disease-classification/train_images/blast/107099.jpg,datasets/Dhan-Shomadhan/White Background/Rice Blast/rb_wb_50.jpg,107099.jpg,rb_wb_50.jpg,107049,480,640,1952,4160,False,False,34,7,,,,not_scored
possible_near_duplicate,train,val,blast,brown_spot,False,datasets/paddy-disease-classification/train_images/blast/101080.jpg,datasets/Dhan-Shomadhan/White Background/Brown Spot/bs_wb_21.jpg,101080.jpg,bs_wb_21.jpg,101059,480,640,1952,4160,False,False,34,8,,,,not_scored
possible_near_duplicate,train,val,blast,blast,True,datasets/paddy-disease-classification/train_images/blast/101450.jpg,datasets/Dhan-Shomadhan/White Background/Rice Blast/rb_wb_33.jpg,101450.jpg,rb_wb_33.jpg,101417,480,640,1952,4160,False,False,34,8,,,,not_scored
possible_near_duplicate,train,val,blast,brown_spot,False,datasets/paddy-disease-classification/train_images/blast/101080.jpg,datasets/Dhan-Shomadhan/White Background/Brown Spot/bs_wb_16.jpg,101080.jpg,bs_wb_16.jpg,101064,480,640,1952,4160,False,False,36,7,,,,not_scored
possible_near_duplicate,train,val,blast,blast,True,datasets/paddy-disease-classification/train_images/blast/101080.jpg,datasets/Dhan-Shomadhan/White Background/Rice Blast/rb_wb_50.jpg,101080.jpg,rb_wb_50.jpg,101030,480,640,1952,4160,False,False,36,7,,,,not_scored
possible_near_duplicate,train,val,blast,blast,True,datasets/paddy-disease-classification/train_images/blast/101080.jpg,datasets/Dhan-Shomadhan/White Background/Rice Blast/rb_wb_49.jpg,101080.jpg,rb_wb_49.jpg,101031,480,640,1952,4160,False,False,36,8,,,,not_scored
possible_near_duplicate,train,val,blast,tungro,False,datasets/paddy-disease-classification/train_images/blast/101080.jpg,datasets/Dhan-Shomadhan/White Background/Rice Tungro/rt_wb_12.jpg,101080.jpg,rt_wb_12.jpg,101068,480,640,1952,4160,False,False,38,7,,,,not_scored
